2026-09-20 15:01:48,613 INFO run device=cuda torch=2.4.0+cu121 geometry=fan image_size=512 angles=90 seed=2026
2026-09-20 15:02:01,376 INFO clean train FBP psnr_db=30.3691 roi_psnr_db=29.3015 window_psnr_db=n/a
2026-09-20 15:02:01,840 INFO calibration photons=10.000 train_fbp_psnr_db=-16.3312
2026-09-20 15:02:02,147 INFO calibration photons=100000000.000 train_fbp_psnr_db=30.3521
2026-09-20 15:02:02,466 INFO calibration photons=31622.777 train_fbp_psnr_db=19.3770
2026-09-20 15:02:02,776 INFO calibration photons=1778279.410 train_fbp_psnr_db=29.5211
2026-09-20 15:02:03,085 INFO calibration photons=237137.371 train_fbp_psnr_db=26.2674
2026-09-20 15:02:03,400 INFO calibration photons=86596.432 train_fbp_psnr_db=23.1604
2026-09-20 15:02:03,716 INFO calibration photons=52329.911 train_fbp_psnr_db=21.3348
2026-09-20 15:02:04,030 INFO calibration photons=67317.038 train_fbp_psnr_db=22.2695
2026-09-20 15:02:04,346 INFO calibration photons=76350.608 train_fbp_psnr_db=22.7186
2026-09-20 15:02:04,659 INFO calibration photons=81312.301 train_fbp_psnr_db=22.9434
2026-09-20 15:02:04,974 INFO calibration photons=83912.783 train_fbp_psnr_db=23.0521
2026-09-20 15:02:05,288 INFO calibration photons=82602.309 train_fbp_psnr_db=22.9975
2026-09-20 15:02:06,057 INFO dataset generated ellipses size=100 split=60/20/20 photons=82602.309 zero_count_fraction=0.00000000
2026-09-20 15:02:06,114 INFO baseline split=train fbp_psnr_db=22.9929 fbp_window_psnr_db=n/a
2026-09-20 15:02:06,124 INFO baseline split=val fbp_psnr_db=22.8867 fbp_window_psnr_db=n/a
2026-09-20 15:02:06,194 INFO operator_norm=0.78487718
2026-09-20 15:02:06,682 INFO model=fbp-unet parameters=118305 epochs=120 lr=0.001 device=cuda supervised=True selected_on=image MSE against the clean image
2026-09-20 15:02:06,950 INFO model=fbp-unet initial_gradient_norm=9.1308109e-05
2026-09-20 15:02:07,861 INFO model=fbp-unet epoch=001/120 train_mse=0.0050433 val_mse=0.0051459 val_psnr_db=22.9500 lr=0.001 seconds=1.17 best_epoch=1
2026-09-20 15:02:08,804 INFO model=fbp-unet epoch=002/120 train_mse=0.0047694 val_mse=0.0045407 val_psnr_db=23.4920 lr=0.001 seconds=0.93 best_epoch=2
2026-09-20 15:02:09,751 INFO model=fbp-unet epoch=003/120 train_mse=0.0038674 val_mse=0.0034171 val_psnr_db=24.7426 lr=0.000999 seconds=0.93 best_epoch=3
2026-09-20 15:02:10,699 INFO model=fbp-unet epoch=004/120 train_mse=0.0026266 val_mse=0.0020628 val_psnr_db=26.9482 lr=0.000998 seconds=0.93 best_epoch=4
2026-09-20 15:02:11,650 INFO model=fbp-unet epoch=005/120 train_mse=0.0016035 val_mse=0.0013322 val_psnr_db=28.8762 lr=0.000997 seconds=0.93 best_epoch=5
2026-09-20 15:02:12,601 INFO model=fbp-unet epoch=006/120 train_mse=0.0010755 val_mse=0.0009320 val_psnr_db=30.4868 lr=0.000996 seconds=0.93 best_epoch=6
2026-09-20 15:02:13,551 INFO model=fbp-unet epoch=007/120 train_mse=0.0007566 val_mse=0.0006847 val_psnr_db=31.9013 lr=0.000994 seconds=0.93 best_epoch=7
2026-09-20 15:02:14,500 INFO model=fbp-unet epoch=008/120 train_mse=0.0005542 val_mse=0.0005705 val_psnr_db=32.7064 lr=0.000992 seconds=0.93 best_epoch=8
2026-09-20 15:02:15,451 INFO model=fbp-unet epoch=009/120 train_mse=0.0005132 val_mse=0.0004629 val_psnr_db=33.6570 lr=0.000989 seconds=0.93 best_epoch=9
2026-09-20 15:02:16,401 INFO model=fbp-unet epoch=010/120 train_mse=0.0003921 val_mse=0.0003913 val_psnr_db=34.4448 lr=0.000986 seconds=0.93 best_epoch=10
2026-09-20 15:02:17,353 INFO model=fbp-unet epoch=011/120 train_mse=0.0003296 val_mse=0.0003422 val_psnr_db=35.0452 lr=0.000983 seconds=0.93 best_epoch=11
2026-09-20 15:02:18,304 INFO model=fbp-unet epoch=012/120 train_mse=0.0002917 val_mse=0.0003056 val_psnr_db=35.5831 lr=0.00098 seconds=0.93 best_epoch=12
2026-09-20 15:02:19,255 INFO model=fbp-unet epoch=013/120 train_mse=0.0002712 val_mse=0.0002933 val_psnr_db=35.7413 lr=0.000976 seconds=0.93 best_epoch=13
2026-09-20 15:02:20,201 INFO model=fbp-unet epoch=014/120 train_mse=0.0002832 val_mse=0.0003509 val_psnr_db=34.8477 lr=0.000972 seconds=0.93 best_epoch=13
2026-09-20 15:02:21,156 INFO model=fbp-unet epoch=015/120 train_mse=0.0002725 val_mse=0.0002788 val_psnr_db=35.9806 lr=0.000967 seconds=0.94 best_epoch=15
2026-09-20 15:02:22,107 INFO model=fbp-unet epoch=016/120 train_mse=0.0002360 val_mse=0.0002595 val_psnr_db=36.2230 lr=0.000962 seconds=0.93 best_epoch=16
2026-09-20 15:02:23,058 INFO model=fbp-unet epoch=017/120 train_mse=0.0002185 val_mse=0.0002349 val_psnr_db=36.7637 lr=0.000957 seconds=0.93 best_epoch=17
2026-09-20 15:02:24,008 INFO model=fbp-unet epoch=018/120 train_mse=0.0002050 val_mse=0.0002198 val_psnr_db=37.0246 lr=0.000952 seconds=0.93 best_epoch=18
2026-09-20 15:02:24,959 INFO model=fbp-unet epoch=019/120 train_mse=0.0002170 val_mse=0.0002138 val_psnr_db=37.1150 lr=0.000946 seconds=0.93 best_epoch=19
2026-09-20 15:02:25,907 INFO model=fbp-unet epoch=020/120 train_mse=0.0001997 val_mse=0.0002238 val_psnr_db=36.9131 lr=0.00094 seconds=0.93 best_epoch=19
2026-09-20 15:02:26,853 INFO model=fbp-unet epoch=021/120 train_mse=0.0001861 val_mse=0.0002012 val_psnr_db=37.4094 lr=0.000934 seconds=0.93 best_epoch=21
2026-09-20 15:02:27,800 INFO model=fbp-unet epoch=022/120 train_mse=0.0001758 val_mse=0.0001921 val_psnr_db=37.6096 lr=0.000927 seconds=0.92 best_epoch=22
2026-09-20 15:02:28,748 INFO model=fbp-unet epoch=023/120 train_mse=0.0001698 val_mse=0.0001834 val_psnr_db=37.7915 lr=0.00092 seconds=0.93 best_epoch=23
2026-09-20 15:02:29,692 INFO model=fbp-unet epoch=024/120 train_mse=0.0001750 val_mse=0.0003487 val_psnr_db=34.7950 lr=0.000913 seconds=0.93 best_epoch=23
2026-09-20 15:02:30,634 INFO model=fbp-unet epoch=025/120 train_mse=0.0002383 val_mse=0.0002462 val_psnr_db=36.3573 lr=0.000905 seconds=0.93 best_epoch=23
2026-09-20 15:02:31,579 INFO model=fbp-unet epoch=026/120 train_mse=0.0001890 val_mse=0.0001935 val_psnr_db=37.5289 lr=0.000898 seconds=0.93 best_epoch=23
2026-09-20 15:02:32,526 INFO model=fbp-unet epoch=027/120 train_mse=0.0001646 val_mse=0.0001757 val_psnr_db=37.9986 lr=0.00089 seconds=0.93 best_epoch=27
2026-09-20 15:02:33,473 INFO model=fbp-unet epoch=028/120 train_mse=0.0001543 val_mse=0.0001674 val_psnr_db=38.1598 lr=0.000881 seconds=0.93 best_epoch=28
2026-09-20 15:02:34,422 INFO model=fbp-unet epoch=029/120 train_mse=0.0001506 val_mse=0.0001645 val_psnr_db=38.2458 lr=0.000873 seconds=0.93 best_epoch=29
2026-09-20 15:02:35,368 INFO model=fbp-unet epoch=030/120 train_mse=0.0001459 val_mse=0.0001569 val_psnr_db=38.4536 lr=0.000864 seconds=0.92 best_epoch=30
2026-09-20 15:02:36,317 INFO model=fbp-unet epoch=031/120 train_mse=0.0001418 val_mse=0.0001523 val_psnr_db=38.6087 lr=0.000855 seconds=0.93 best_epoch=31
2026-09-20 15:02:37,263 INFO model=fbp-unet epoch=032/120 train_mse=0.0001378 val_mse=0.0001544 val_psnr_db=38.6199 lr=0.000846 seconds=0.93 best_epoch=31
2026-09-20 15:02:38,209 INFO model=fbp-unet epoch=033/120 train_mse=0.0001366 val_mse=0.0001478 val_psnr_db=38.7588 lr=0.000836 seconds=0.93 best_epoch=33
2026-09-20 15:02:39,157 INFO model=fbp-unet epoch=034/120 train_mse=0.0001337 val_mse=0.0001445 val_psnr_db=38.8273 lr=0.000826 seconds=0.93 best_epoch=34
2026-09-20 15:02:40,102 INFO model=fbp-unet epoch=035/120 train_mse=0.0001303 val_mse=0.0001411 val_psnr_db=38.9464 lr=0.000817 seconds=0.92 best_epoch=35
2026-09-20 15:02:41,043 INFO model=fbp-unet epoch=036/120 train_mse=0.0001297 val_mse=0.0001495 val_psnr_db=38.7321 lr=0.000806 seconds=0.92 best_epoch=35
2026-09-20 15:02:41,983 INFO model=fbp-unet epoch=037/120 train_mse=0.0001309 val_mse=0.0001462 val_psnr_db=38.7702 lr=0.000796 seconds=0.93 best_epoch=35
2026-09-20 15:02:42,924 INFO model=fbp-unet epoch=038/120 train_mse=0.0001331 val_mse=0.0001416 val_psnr_db=38.9498 lr=0.000785 seconds=0.93 best_epoch=35
2026-09-20 15:02:43,871 INFO model=fbp-unet epoch=039/120 train_mse=0.0001267 val_mse=0.0001354 val_psnr_db=39.1336 lr=0.000775 seconds=0.93 best_epoch=39
2026-09-20 15:02:44,818 INFO model=fbp-unet epoch=040/120 train_mse=0.0001230 val_mse=0.0001346 val_psnr_db=39.1853 lr=0.000764 seconds=0.93 best_epoch=40
2026-09-20 15:02:45,764 INFO model=fbp-unet epoch=041/120 train_mse=0.0001209 val_mse=0.0001328 val_psnr_db=39.2605 lr=0.000752 seconds=0.92 best_epoch=41
2026-09-20 15:02:46,715 INFO model=fbp-unet epoch=042/120 train_mse=0.0001182 val_mse=0.0001301 val_psnr_db=39.3339 lr=0.000741 seconds=0.93 best_epoch=42
2026-09-20 15:02:47,661 INFO model=fbp-unet epoch=043/120 train_mse=0.0001172 val_mse=0.0001300 val_psnr_db=39.3643 lr=0.00073 seconds=0.92 best_epoch=43
2026-09-20 15:02:48,607 INFO model=fbp-unet epoch=044/120 train_mse=0.0001165 val_mse=0.0001262 val_psnr_db=39.4400 lr=0.000718 seconds=0.92 best_epoch=44
2026-09-20 15:02:49,552 INFO model=fbp-unet epoch=045/120 train_mse=0.0001146 val_mse=0.0001287 val_psnr_db=39.2993 lr=0.000706 seconds=0.93 best_epoch=44
2026-09-20 15:02:50,507 INFO model=fbp-unet epoch=046/120 train_mse=0.0001162 val_mse=0.0001244 val_psnr_db=39.5138 lr=0.000694 seconds=0.94 best_epoch=46
2026-09-20 15:02:51,451 INFO model=fbp-unet epoch=047/120 train_mse=0.0001139 val_mse=0.0001263 val_psnr_db=39.4235 lr=0.000682 seconds=0.93 best_epoch=46
2026-09-20 15:02:52,398 INFO model=fbp-unet epoch=048/120 train_mse=0.0001131 val_mse=0.0001209 val_psnr_db=39.6446 lr=0.00067 seconds=0.93 best_epoch=48
2026-09-20 15:02:53,343 INFO model=fbp-unet epoch=049/120 train_mse=0.0001105 val_mse=0.0001193 val_psnr_db=39.6384 lr=0.000658 seconds=0.92 best_epoch=49
2026-09-20 15:02:54,284 INFO model=fbp-unet epoch=050/120 train_mse=0.0001085 val_mse=0.0001205 val_psnr_db=39.6127 lr=0.000646 seconds=0.92 best_epoch=49
2026-09-20 15:02:55,232 INFO model=fbp-unet epoch=051/120 train_mse=0.0001077 val_mse=0.0001170 val_psnr_db=39.7709 lr=0.000633 seconds=0.93 best_epoch=51
2026-09-20 15:02:56,179 INFO model=fbp-unet epoch=052/120 train_mse=0.0001063 val_mse=0.0001181 val_psnr_db=39.7108 lr=0.000621 seconds=0.93 best_epoch=51
2026-09-20 15:02:57,136 INFO model=fbp-unet epoch=053/120 train_mse=0.0001050 val_mse=0.0001138 val_psnr_db=39.8423 lr=0.000608 seconds=0.94 best_epoch=53
2026-09-20 15:02:58,082 INFO model=fbp-unet epoch=054/120 train_mse=0.0001051 val_mse=0.0001159 val_psnr_db=39.8187 lr=0.000595 seconds=0.94 best_epoch=53
2026-09-20 15:02:59,023 INFO model=fbp-unet epoch=055/120 train_mse=0.0001043 val_mse=0.0001144 val_psnr_db=39.8851 lr=0.000582 seconds=0.93 best_epoch=53
2026-09-20 15:02:59,963 INFO model=fbp-unet epoch=056/120 train_mse=0.0001037 val_mse=0.0001149 val_psnr_db=39.8314 lr=0.00057 seconds=0.93 best_epoch=53
2026-09-20 15:03:00,903 INFO model=fbp-unet epoch=057/120 train_mse=0.0001026 val_mse=0.0001161 val_psnr_db=39.7694 lr=0.000557 seconds=0.93 best_epoch=53
2026-09-20 15:03:01,852 INFO model=fbp-unet epoch=058/120 train_mse=0.0001046 val_mse=0.0001124 val_psnr_db=39.9407 lr=0.000544 seconds=0.93 best_epoch=58
2026-09-20 15:03:02,795 INFO model=fbp-unet epoch=059/120 train_mse=0.0001012 val_mse=0.0001124 val_psnr_db=39.9364 lr=0.000531 seconds=0.93 best_epoch=58
2026-09-20 15:03:03,739 INFO model=fbp-unet epoch=060/120 train_mse=0.0001012 val_mse=0.0001129 val_psnr_db=39.9777 lr=0.000518 seconds=0.93 best_epoch=58
2026-09-20 15:03:04,689 INFO model=fbp-unet epoch=061/120 train_mse=0.0001002 val_mse=0.0001094 val_psnr_db=40.0684 lr=0.000505 seconds=0.93 best_epoch=61
2026-09-20 15:03:05,636 INFO model=fbp-unet epoch=062/120 train_mse=0.0000985 val_mse=0.0001081 val_psnr_db=40.1064 lr=0.000492 seconds=0.93 best_epoch=62
2026-09-20 15:03:06,581 INFO model=fbp-unet epoch=063/120 train_mse=0.0000978 val_mse=0.0001092 val_psnr_db=40.0766 lr=0.000479 seconds=0.93 best_epoch=62
2026-09-20 15:03:07,529 INFO model=fbp-unet epoch=064/120 train_mse=0.0000970 val_mse=0.0001081 val_psnr_db=40.0933 lr=0.000466 seconds=0.93 best_epoch=64
2026-09-20 15:03:08,478 INFO model=fbp-unet epoch=065/120 train_mse=0.0000966 val_mse=0.0001062 val_psnr_db=40.1345 lr=0.000453 seconds=0.93 best_epoch=65
2026-09-20 15:03:09,422 INFO model=fbp-unet epoch=066/120 train_mse=0.0000961 val_mse=0.0001063 val_psnr_db=40.2103 lr=0.00044 seconds=0.93 best_epoch=65
2026-09-20 15:03:10,370 INFO model=fbp-unet epoch=067/120 train_mse=0.0000953 val_mse=0.0001050 val_psnr_db=40.2520 lr=0.000428 seconds=0.93 best_epoch=67
2026-09-20 15:03:11,315 INFO model=fbp-unet epoch=068/120 train_mse=0.0000960 val_mse=0.0001083 val_psnr_db=40.1397 lr=0.000415 seconds=0.93 best_epoch=67
2026-09-20 15:03:12,265 INFO model=fbp-unet epoch=069/120 train_mse=0.0000950 val_mse=0.0001041 val_psnr_db=40.2394 lr=0.000402 seconds=0.94 best_epoch=69
2026-09-20 15:03:13,217 INFO model=fbp-unet epoch=070/120 train_mse=0.0000942 val_mse=0.0001034 val_psnr_db=40.2725 lr=0.000389 seconds=0.93 best_epoch=70
2026-09-20 15:03:14,167 INFO model=fbp-unet epoch=071/120 train_mse=0.0000933 val_mse=0.0001026 val_psnr_db=40.3270 lr=0.000377 seconds=0.93 best_epoch=71
2026-09-20 15:03:15,112 INFO model=fbp-unet epoch=072/120 train_mse=0.0000927 val_mse=0.0001045 val_psnr_db=40.2712 lr=0.000364 seconds=0.93 best_epoch=71
2026-09-20 15:03:16,057 INFO model=fbp-unet epoch=073/120 train_mse=0.0000933 val_mse=0.0001037 val_psnr_db=40.2937 lr=0.000352 seconds=0.93 best_epoch=71
2026-09-20 15:03:17,002 INFO model=fbp-unet epoch=074/120 train_mse=0.0000924 val_mse=0.0001029 val_psnr_db=40.3293 lr=0.00034 seconds=0.93 best_epoch=71
2026-09-20 15:03:17,952 INFO model=fbp-unet epoch=075/120 train_mse=0.0000918 val_mse=0.0001011 val_psnr_db=40.3748 lr=0.000328 seconds=0.93 best_epoch=75
2026-09-20 15:03:18,901 INFO model=fbp-unet epoch=076/120 train_mse=0.0000911 val_mse=0.0001002 val_psnr_db=40.4206 lr=0.000316 seconds=0.93 best_epoch=76
2026-09-20 15:03:19,845 INFO model=fbp-unet epoch=077/120 train_mse=0.0000906 val_mse=0.0001012 val_psnr_db=40.4185 lr=0.000304 seconds=0.93 best_epoch=76
2026-09-20 15:03:20,790 INFO model=fbp-unet epoch=078/120 train_mse=0.0000902 val_mse=0.0001003 val_psnr_db=40.4429 lr=0.000292 seconds=0.93 best_epoch=76
2026-09-20 15:03:21,735 INFO model=fbp-unet epoch=079/120 train_mse=0.0000900 val_mse=0.0001005 val_psnr_db=40.3925 lr=0.00028 seconds=0.94 best_epoch=76
2026-09-20 15:03:22,684 INFO model=fbp-unet epoch=080/120 train_mse=0.0000897 val_mse=0.0000995 val_psnr_db=40.4793 lr=0.000269 seconds=0.93 best_epoch=80
2026-09-20 15:03:23,633 INFO model=fbp-unet epoch=081/120 train_mse=0.0000891 val_mse=0.0000987 val_psnr_db=40.5121 lr=0.000257 seconds=0.93 best_epoch=81
2026-09-20 15:03:24,577 INFO model=fbp-unet epoch=082/120 train_mse=0.0000892 val_mse=0.0000989 val_psnr_db=40.5023 lr=0.000246 seconds=0.93 best_epoch=81
2026-09-20 15:03:25,522 INFO model=fbp-unet epoch=083/120 train_mse=0.0000885 val_mse=0.0000997 val_psnr_db=40.4696 lr=0.000235 seconds=0.93 best_epoch=81
2026-09-20 15:03:26,478 INFO model=fbp-unet epoch=084/120 train_mse=0.0000887 val_mse=0.0000976 val_psnr_db=40.5445 lr=0.000225 seconds=0.94 best_epoch=84
2026-09-20 15:03:27,428 INFO model=fbp-unet epoch=085/120 train_mse=0.0000878 val_mse=0.0000981 val_psnr_db=40.5525 lr=0.000214 seconds=0.93 best_epoch=84
2026-09-20 15:03:28,383 INFO model=fbp-unet epoch=086/120 train_mse=0.0000875 val_mse=0.0000975 val_psnr_db=40.5538 lr=0.000204 seconds=0.94 best_epoch=86
2026-09-20 15:03:29,339 INFO model=fbp-unet epoch=087/120 train_mse=0.0000872 val_mse=0.0000973 val_psnr_db=40.5742 lr=0.000193 seconds=0.93 best_epoch=87
2026-09-20 15:03:30,289 INFO model=fbp-unet epoch=088/120 train_mse=0.0000871 val_mse=0.0000981 val_psnr_db=40.5524 lr=0.000184 seconds=0.93 best_epoch=87
2026-09-20 15:03:31,245 INFO model=fbp-unet epoch=089/120 train_mse=0.0000868 val_mse=0.0000972 val_psnr_db=40.5779 lr=0.000174 seconds=0.94 best_epoch=89
2026-09-20 15:03:32,195 INFO model=fbp-unet epoch=090/120 train_mse=0.0000867 val_mse=0.0000973 val_psnr_db=40.5888 lr=0.000164 seconds=0.93 best_epoch=89
2026-09-20 15:03:33,150 INFO model=fbp-unet epoch=091/120 train_mse=0.0000864 val_mse=0.0000968 val_psnr_db=40.5934 lr=0.000155 seconds=0.94 best_epoch=91
2026-09-20 15:03:34,105 INFO model=fbp-unet epoch=092/120 train_mse=0.0000862 val_mse=0.0000963 val_psnr_db=40.6207 lr=0.000146 seconds=0.93 best_epoch=92
2026-09-20 15:03:35,055 INFO model=fbp-unet epoch=093/120 train_mse=0.0000860 val_mse=0.0000970 val_psnr_db=40.6106 lr=0.000137 seconds=0.93 best_epoch=92
2026-09-20 15:03:36,010 INFO model=fbp-unet epoch=094/120 train_mse=0.0000860 val_mse=0.0000956 val_psnr_db=40.6268 lr=0.000129 seconds=0.94 best_epoch=94
2026-09-20 15:03:36,961 INFO model=fbp-unet epoch=095/120 train_mse=0.0000857 val_mse=0.0000971 val_psnr_db=40.6086 lr=0.00012 seconds=0.94 best_epoch=94
2026-09-20 15:03:37,909 INFO model=fbp-unet epoch=096/120 train_mse=0.0000857 val_mse=0.0000958 val_psnr_db=40.6340 lr=0.000112 seconds=0.94 best_epoch=94
2026-09-20 15:03:38,853 INFO model=fbp-unet epoch=097/120 train_mse=0.0000853 val_mse=0.0000957 val_psnr_db=40.6510 lr=0.000105 seconds=0.93 best_epoch=94
2026-09-20 15:03:39,801 INFO model=fbp-unet epoch=098/120 train_mse=0.0000852 val_mse=0.0000951 val_psnr_db=40.6649 lr=9.71e-05 seconds=0.93 best_epoch=98
2026-09-20 15:03:40,749 INFO model=fbp-unet epoch=099/120 train_mse=0.0000850 val_mse=0.0000951 val_psnr_db=40.6658 lr=8.99e-05 seconds=0.93 best_epoch=99
2026-09-20 15:03:41,693 INFO model=fbp-unet epoch=100/120 train_mse=0.0000850 val_mse=0.0000956 val_psnr_db=40.6541 lr=8.29e-05 seconds=0.93 best_epoch=99
2026-09-20 15:03:42,637 INFO model=fbp-unet epoch=101/120 train_mse=0.0000849 val_mse=0.0000954 val_psnr_db=40.6719 lr=7.63e-05 seconds=0.93 best_epoch=99
2026-09-20 15:03:43,587 INFO model=fbp-unet epoch=102/120 train_mse=0.0000848 val_mse=0.0000949 val_psnr_db=40.6765 lr=7e-05 seconds=0.93 best_epoch=102
2026-09-20 15:03:44,534 INFO model=fbp-unet epoch=103/120 train_mse=0.0000847 val_mse=0.0000947 val_psnr_db=40.6784 lr=6.4e-05 seconds=0.93 best_epoch=103
2026-09-20 15:03:45,478 INFO model=fbp-unet epoch=104/120 train_mse=0.0000845 val_mse=0.0000947 val_psnr_db=40.6878 lr=5.82e-05 seconds=0.93 best_epoch=103
2026-09-20 15:03:46,431 INFO model=fbp-unet epoch=105/120 train_mse=0.0000844 val_mse=0.0000946 val_psnr_db=40.6904 lr=5.28e-05 seconds=0.93 best_epoch=105
2026-09-20 15:03:47,380 INFO model=fbp-unet epoch=106/120 train_mse=0.0000843 val_mse=0.0000946 val_psnr_db=40.6927 lr=4.77e-05 seconds=0.93 best_epoch=106
2026-09-20 15:03:48,324 INFO model=fbp-unet epoch=107/120 train_mse=0.0000843 val_mse=0.0000947 val_psnr_db=40.6923 lr=4.29e-05 seconds=0.93 best_epoch=106
2026-09-20 15:03:49,272 INFO model=fbp-unet epoch=108/120 train_mse=0.0000842 val_mse=0.0000944 val_psnr_db=40.6978 lr=3.84e-05 seconds=0.93 best_epoch=108
2026-09-20 15:03:50,222 INFO model=fbp-unet epoch=109/120 train_mse=0.0000841 val_mse=0.0000944 val_psnr_db=40.7015 lr=3.42e-05 seconds=0.93 best_epoch=109
2026-09-20 15:03:51,166 INFO model=fbp-unet epoch=110/120 train_mse=0.0000841 val_mse=0.0000944 val_psnr_db=40.7026 lr=3.04e-05 seconds=0.93 best_epoch=109
2026-09-20 15:03:52,116 INFO model=fbp-unet epoch=111/120 train_mse=0.0000841 val_mse=0.0000943 val_psnr_db=40.7060 lr=2.69e-05 seconds=0.93 best_epoch=111
2026-09-20 15:03:53,059 INFO model=fbp-unet epoch=112/120 train_mse=0.0000840 val_mse=0.0000944 val_psnr_db=40.7066 lr=2.37e-05 seconds=0.93 best_epoch=111
2026-09-20 15:03:54,005 INFO model=fbp-unet epoch=113/120 train_mse=0.0000840 val_mse=0.0000944 val_psnr_db=40.7065 lr=2.08e-05 seconds=0.93 best_epoch=111
2026-09-20 15:03:54,954 INFO model=fbp-unet epoch=114/120 train_mse=0.0000840 val_mse=0.0000942 val_psnr_db=40.7087 lr=1.83e-05 seconds=0.93 best_epoch=114
2026-09-20 15:03:55,898 INFO model=fbp-unet epoch=115/120 train_mse=0.0000839 val_mse=0.0000943 val_psnr_db=40.7081 lr=1.61e-05 seconds=0.93 best_epoch=114
2026-09-20 15:03:56,843 INFO model=fbp-unet epoch=116/120 train_mse=0.0000839 val_mse=0.0000943 val_psnr_db=40.7106 lr=1.42e-05 seconds=0.93 best_epoch=114
2026-09-20 15:03:57,792 INFO model=fbp-unet epoch=117/120 train_mse=0.0000839 val_mse=0.0000942 val_psnr_db=40.7116 lr=1.27e-05 seconds=0.93 best_epoch=117
2026-09-20 15:03:58,737 INFO model=fbp-unet epoch=118/120 train_mse=0.0000839 val_mse=0.0000942 val_psnr_db=40.7121 lr=1.15e-05 seconds=0.93 best_epoch=117
2026-09-20 15:03:59,682 INFO model=fbp-unet epoch=119/120 train_mse=0.0000838 val_mse=0.0000942 val_psnr_db=40.7123 lr=1.07e-05 seconds=0.93 best_epoch=117
2026-09-20 15:04:00,627 INFO model=fbp-unet epoch=120/120 train_mse=0.0000838 val_mse=0.0000942 val_psnr_db=40.7129 lr=1.02e-05 seconds=0.93 best_epoch=117
2026-09-20 15:04:00,642 INFO model=fbp-unet training_complete seconds=113.96 best_epoch=117 peak_memory_bytes=1287250944
2026-09-20 15:04:00,647 INFO model=lpd parameters=253220 epochs=120 lr=0.001 device=cuda supervised=True selected_on=image MSE against the clean image
2026-09-20 15:04:01,234 INFO model=lpd initial_gradient_norm=0.6946891
2026-09-20 15:04:01,235 INFO model=lpd first_dual_updates_gradient_norm=0.00085315192
2026-09-20 15:04:01,235 INFO model=lpd first_primal_updates_gradient_norm=0.21550938
2026-09-20 15:04:08,527 INFO model=lpd epoch=001/120 train_mse=0.0256283 val_mse=0.0208427 val_psnr_db=17.1663 lr=0.001 seconds=7.87 best_epoch=1
2026-09-20 15:04:16,422 INFO model=lpd epoch=002/120 train_mse=0.0139517 val_mse=0.0120547 val_psnr_db=19.7608 lr=0.001 seconds=7.86 best_epoch=2
2026-09-20 15:04:24,302 INFO model=lpd epoch=003/120 train_mse=0.0109828 val_mse=0.0122185 val_psnr_db=19.4369 lr=0.000999 seconds=7.85 best_epoch=2
2026-09-20 15:04:32,198 INFO model=lpd epoch=004/120 train_mse=0.0084693 val_mse=0.0069881 val_psnr_db=21.8907 lr=0.000998 seconds=7.86 best_epoch=4
2026-09-20 15:04:40,097 INFO model=lpd epoch=005/120 train_mse=0.0055124 val_mse=0.0044351 val_psnr_db=24.1049 lr=0.000997 seconds=7.85 best_epoch=5
2026-09-20 15:04:47,993 INFO model=lpd epoch=006/120 train_mse=0.0031093 val_mse=0.0027236 val_psnr_db=26.3288 lr=0.000996 seconds=7.85 best_epoch=6
2026-09-20 15:04:55,893 INFO model=lpd epoch=007/120 train_mse=0.0022018 val_mse=0.0021860 val_psnr_db=27.1614 lr=0.000994 seconds=7.85 best_epoch=7
2026-09-20 15:05:03,798 INFO model=lpd epoch=008/120 train_mse=0.0017293 val_mse=0.0019428 val_psnr_db=27.6578 lr=0.000992 seconds=7.86 best_epoch=8
2026-09-20 15:05:11,698 INFO model=lpd epoch=009/120 train_mse=0.0015937 val_mse=0.0016798 val_psnr_db=28.2843 lr=0.000989 seconds=7.86 best_epoch=9
2026-09-20 15:05:19,592 INFO model=lpd epoch=010/120 train_mse=0.0017621 val_mse=0.0020585 val_psnr_db=27.2639 lr=0.000986 seconds=7.86 best_epoch=9
2026-09-20 15:05:27,504 INFO model=lpd epoch=011/120 train_mse=0.0017363 val_mse=0.0016935 val_psnr_db=28.1547 lr=0.000983 seconds=7.88 best_epoch=9
2026-09-20 15:05:35,426 INFO model=lpd epoch=012/120 train_mse=0.0015971 val_mse=0.0016333 val_psnr_db=28.4401 lr=0.00098 seconds=7.88 best_epoch=12
2026-09-20 15:05:43,346 INFO model=lpd epoch=013/120 train_mse=0.0014044 val_mse=0.0014657 val_psnr_db=28.9025 lr=0.000976 seconds=7.88 best_epoch=13
2026-09-20 15:05:51,256 INFO model=lpd epoch=014/120 train_mse=0.0012667 val_mse=0.0016577 val_psnr_db=28.5159 lr=0.000972 seconds=7.88 best_epoch=13
2026-09-20 15:05:59,177 INFO model=lpd epoch=015/120 train_mse=0.0012406 val_mse=0.0012443 val_psnr_db=29.6289 lr=0.000967 seconds=7.88 best_epoch=15
2026-09-20 15:06:07,101 INFO model=lpd epoch=016/120 train_mse=0.0010742 val_mse=0.0011630 val_psnr_db=29.9043 lr=0.000962 seconds=7.88 best_epoch=16
2026-09-20 15:06:15,010 INFO model=lpd epoch=017/120 train_mse=0.0046047 val_mse=0.0032940 val_psnr_db=25.3147 lr=0.000957 seconds=7.88 best_epoch=16
2026-09-20 15:06:22,918 INFO model=lpd epoch=018/120 train_mse=0.0105519 val_mse=0.0041541 val_psnr_db=24.2556 lr=0.000952 seconds=7.88 best_epoch=16
2026-09-20 15:06:30,824 INFO model=lpd epoch=019/120 train_mse=0.0041371 val_mse=0.0044789 val_psnr_db=24.1767 lr=0.000946 seconds=7.87 best_epoch=16
2026-09-20 15:06:38,731 INFO model=lpd epoch=020/120 train_mse=0.0042772 val_mse=0.0030475 val_psnr_db=25.5153 lr=0.00094 seconds=7.87 best_epoch=16
2026-09-20 15:06:46,639 INFO model=lpd epoch=021/120 train_mse=0.0025645 val_mse=0.0021944 val_psnr_db=27.0860 lr=0.000934 seconds=7.88 best_epoch=16
2026-09-20 15:06:54,547 INFO model=lpd epoch=022/120 train_mse=0.0018224 val_mse=0.0018338 val_psnr_db=27.8847 lr=0.000927 seconds=7.87 best_epoch=16
2026-09-20 15:07:02,454 INFO model=lpd epoch=023/120 train_mse=0.0015351 val_mse=0.0016678 val_psnr_db=28.3579 lr=0.00092 seconds=7.87 best_epoch=16
2026-09-20 15:07:10,362 INFO model=lpd epoch=024/120 train_mse=0.0013368 val_mse=0.0014129 val_psnr_db=29.0347 lr=0.000913 seconds=7.87 best_epoch=16
2026-09-20 15:07:18,273 INFO model=lpd epoch=025/120 train_mse=0.0012639 val_mse=0.0013293 val_psnr_db=29.2933 lr=0.000905 seconds=7.88 best_epoch=16
2026-09-20 15:07:26,194 INFO model=lpd epoch=026/120 train_mse=0.0011459 val_mse=0.0012269 val_psnr_db=29.6714 lr=0.000898 seconds=7.89 best_epoch=16
2026-09-20 15:07:34,099 INFO model=lpd epoch=027/120 train_mse=0.0010659 val_mse=0.0011145 val_psnr_db=30.0499 lr=0.00089 seconds=7.86 best_epoch=27
2026-09-20 15:07:42,011 INFO model=lpd epoch=028/120 train_mse=0.0009824 val_mse=0.0010688 val_psnr_db=30.2820 lr=0.000881 seconds=7.87 best_epoch=28
2026-09-20 15:07:49,938 INFO model=lpd epoch=029/120 train_mse=0.0009770 val_mse=0.0010988 val_psnr_db=30.1279 lr=0.000873 seconds=7.89 best_epoch=28
2026-09-20 15:07:57,849 INFO model=lpd epoch=030/120 train_mse=0.0009983 val_mse=0.0010696 val_psnr_db=30.2203 lr=0.000864 seconds=7.88 best_epoch=28
2026-09-20 15:08:05,776 INFO model=lpd epoch=031/120 train_mse=0.0009483 val_mse=0.0011006 val_psnr_db=30.0331 lr=0.000855 seconds=7.90 best_epoch=28
2026-09-20 15:08:13,704 INFO model=lpd epoch=032/120 train_mse=0.0009089 val_mse=0.0009612 val_psnr_db=30.7219 lr=0.000846 seconds=7.88 best_epoch=32
2026-09-20 15:08:21,634 INFO model=lpd epoch=033/120 train_mse=0.0008175 val_mse=0.0008971 val_psnr_db=31.0530 lr=0.000836 seconds=7.89 best_epoch=33
2026-09-20 15:08:29,567 INFO model=lpd epoch=034/120 train_mse=0.0008223 val_mse=0.0008678 val_psnr_db=31.1871 lr=0.000826 seconds=7.89 best_epoch=34
2026-09-20 15:08:37,489 INFO model=lpd epoch=035/120 train_mse=0.0007704 val_mse=0.0008452 val_psnr_db=31.3088 lr=0.000817 seconds=7.88 best_epoch=35
2026-09-20 15:08:45,397 INFO model=lpd epoch=036/120 train_mse=0.0007795 val_mse=0.0008712 val_psnr_db=31.1376 lr=0.000806 seconds=7.88 best_epoch=35
2026-09-20 15:08:53,320 INFO model=lpd epoch=037/120 train_mse=0.0007507 val_mse=0.0008339 val_psnr_db=31.4025 lr=0.000796 seconds=7.88 best_epoch=37
2026-09-20 15:09:01,231 INFO model=lpd epoch=038/120 train_mse=0.0007109 val_mse=0.0007878 val_psnr_db=31.6122 lr=0.000785 seconds=7.86 best_epoch=38
2026-09-20 15:09:09,151 INFO model=lpd epoch=039/120 train_mse=0.0006794 val_mse=0.0007768 val_psnr_db=31.6933 lr=0.000775 seconds=7.88 best_epoch=39
2026-09-20 15:09:17,056 INFO model=lpd epoch=040/120 train_mse=0.0006612 val_mse=0.0007427 val_psnr_db=31.8511 lr=0.000764 seconds=7.86 best_epoch=40
2026-09-20 15:09:24,957 INFO model=lpd epoch=041/120 train_mse=0.0006395 val_mse=0.0007157 val_psnr_db=32.0336 lr=0.000752 seconds=7.85 best_epoch=41
2026-09-20 15:09:32,850 INFO model=lpd epoch=042/120 train_mse=0.0007928 val_mse=0.0014604 val_psnr_db=29.0114 lr=0.000741 seconds=7.86 best_epoch=41
2026-09-20 15:09:40,763 INFO model=lpd epoch=043/120 train_mse=0.0016450 val_mse=0.0017936 val_psnr_db=27.7805 lr=0.00073 seconds=7.88 best_epoch=41
2026-09-20 15:09:48,670 INFO model=lpd epoch=044/120 train_mse=0.0013138 val_mse=0.0013058 val_psnr_db=29.4206 lr=0.000718 seconds=7.88 best_epoch=41
2026-09-20 15:09:56,577 INFO model=lpd epoch=045/120 train_mse=0.0011036 val_mse=0.0011042 val_psnr_db=30.0757 lr=0.000706 seconds=7.88 best_epoch=41
2026-09-20 15:10:04,490 INFO model=lpd epoch=046/120 train_mse=0.0009576 val_mse=0.0010000 val_psnr_db=30.5658 lr=0.000694 seconds=7.88 best_epoch=41
2026-09-20 15:10:12,499 INFO model=lpd epoch=047/120 train_mse=0.0008665 val_mse=0.0009166 val_psnr_db=30.9410 lr=0.000682 seconds=7.98 best_epoch=41
2026-09-20 15:10:20,399 INFO model=lpd epoch=048/120 train_mse=0.0007932 val_mse=0.0008906 val_psnr_db=31.0850 lr=0.00067 seconds=7.87 best_epoch=41
2026-09-20 15:10:28,324 INFO model=lpd epoch=049/120 train_mse=0.0007643 val_mse=0.0008863 val_psnr_db=31.1041 lr=0.000658 seconds=7.89 best_epoch=41
2026-09-20 15:10:36,229 INFO model=lpd epoch=050/120 train_mse=0.0007271 val_mse=0.0007901 val_psnr_db=31.5542 lr=0.000646 seconds=7.87 best_epoch=41
2026-09-20 15:10:44,141 INFO model=lpd epoch=051/120 train_mse=0.0006921 val_mse=0.0007645 val_psnr_db=31.7085 lr=0.000633 seconds=7.87 best_epoch=41
2026-09-20 15:10:52,043 INFO model=lpd epoch=052/120 train_mse=0.0006619 val_mse=0.0007575 val_psnr_db=31.7734 lr=0.000621 seconds=7.87 best_epoch=41
2026-09-20 15:10:59,934 INFO model=lpd epoch=053/120 train_mse=0.0006393 val_mse=0.0007206 val_psnr_db=31.9868 lr=0.000608 seconds=7.86 best_epoch=41
2026-09-20 15:11:07,835 INFO model=lpd epoch=054/120 train_mse=0.0006157 val_mse=0.0006942 val_psnr_db=32.1387 lr=0.000595 seconds=7.86 best_epoch=54
2026-09-20 15:11:15,800 INFO model=lpd epoch=055/120 train_mse=0.0005989 val_mse=0.0006741 val_psnr_db=32.2400 lr=0.000582 seconds=7.87 best_epoch=55
2026-09-20 15:11:23,740 INFO model=lpd epoch=056/120 train_mse=0.0005855 val_mse=0.0006524 val_psnr_db=32.4021 lr=0.00057 seconds=7.90 best_epoch=56
2026-09-20 15:11:31,680 INFO model=lpd epoch=057/120 train_mse=0.0005687 val_mse=0.0006491 val_psnr_db=32.4379 lr=0.000557 seconds=7.90 best_epoch=57
2026-09-20 15:11:39,608 INFO model=lpd epoch=058/120 train_mse=0.0005553 val_mse=0.0006145 val_psnr_db=32.6654 lr=0.000544 seconds=7.88 best_epoch=58
2026-09-20 15:11:47,516 INFO model=lpd epoch=059/120 train_mse=0.0005454 val_mse=0.0006198 val_psnr_db=32.6435 lr=0.000531 seconds=7.88 best_epoch=58
2026-09-20 15:11:55,434 INFO model=lpd epoch=060/120 train_mse=0.0005566 val_mse=0.0006064 val_psnr_db=32.7363 lr=0.000518 seconds=7.88 best_epoch=60
2026-09-20 15:12:03,361 INFO model=lpd epoch=061/120 train_mse=0.0006274 val_mse=0.0006498 val_psnr_db=32.3962 lr=0.000505 seconds=7.89 best_epoch=60
2026-09-20 15:12:11,269 INFO model=lpd epoch=062/120 train_mse=0.0006247 val_mse=0.0006816 val_psnr_db=32.2264 lr=0.000492 seconds=7.88 best_epoch=60
2026-09-20 15:12:19,172 INFO model=lpd epoch=063/120 train_mse=0.0006092 val_mse=0.0006568 val_psnr_db=32.4119 lr=0.000479 seconds=7.87 best_epoch=60
2026-09-20 15:12:27,125 INFO model=lpd epoch=064/120 train_mse=0.0005456 val_mse=0.0005902 val_psnr_db=32.8361 lr=0.000466 seconds=7.91 best_epoch=64
2026-09-20 15:12:35,067 INFO model=lpd epoch=065/120 train_mse=0.0005081 val_mse=0.0005622 val_psnr_db=33.0388 lr=0.000453 seconds=7.90 best_epoch=65
2026-09-20 15:12:42,992 INFO model=lpd epoch=066/120 train_mse=0.0004924 val_mse=0.0005490 val_psnr_db=33.1458 lr=0.00044 seconds=7.88 best_epoch=66
2026-09-20 15:12:50,934 INFO model=lpd epoch=067/120 train_mse=0.0004776 val_mse=0.0005232 val_psnr_db=33.3523 lr=0.000428 seconds=7.90 best_epoch=67
2026-09-20 15:12:58,867 INFO model=lpd epoch=068/120 train_mse=0.0004624 val_mse=0.0005204 val_psnr_db=33.3790 lr=0.000415 seconds=7.89 best_epoch=68
2026-09-20 15:13:06,802 INFO model=lpd epoch=069/120 train_mse=0.0004591 val_mse=0.0005052 val_psnr_db=33.4934 lr=0.000402 seconds=7.89 best_epoch=69
2026-09-20 15:13:14,747 INFO model=lpd epoch=070/120 train_mse=0.0004542 val_mse=0.0005004 val_psnr_db=33.5416 lr=0.000389 seconds=7.90 best_epoch=70
2026-09-20 15:13:22,684 INFO model=lpd epoch=071/120 train_mse=0.0004418 val_mse=0.0004882 val_psnr_db=33.6507 lr=0.000377 seconds=7.89 best_epoch=71
2026-09-20 15:13:30,585 INFO model=lpd epoch=072/120 train_mse=0.0004329 val_mse=0.0004873 val_psnr_db=33.6579 lr=0.000364 seconds=7.86 best_epoch=72
2026-09-20 15:13:38,475 INFO model=lpd epoch=073/120 train_mse=0.0004274 val_mse=0.0004926 val_psnr_db=33.6255 lr=0.000352 seconds=7.86 best_epoch=72
2026-09-20 15:13:46,384 INFO model=lpd epoch=074/120 train_mse=0.0004207 val_mse=0.0004707 val_psnr_db=33.8122 lr=0.00034 seconds=7.87 best_epoch=74
2026-09-20 15:13:54,305 INFO model=lpd epoch=075/120 train_mse=0.0004115 val_mse=0.0004598 val_psnr_db=33.9074 lr=0.000328 seconds=7.88 best_epoch=75
2026-09-20 15:14:02,232 INFO model=lpd epoch=076/120 train_mse=0.0004075 val_mse=0.0004573 val_psnr_db=33.9266 lr=0.000316 seconds=7.88 best_epoch=76
2026-09-20 15:14:10,896 INFO model=lpd epoch=077/120 train_mse=0.0004029 val_mse=0.0004514 val_psnr_db=33.9812 lr=0.000304 seconds=8.62 best_epoch=77
2026-09-20 15:14:18,835 INFO model=lpd epoch=078/120 train_mse=0.0003991 val_mse=0.0004483 val_psnr_db=34.0193 lr=0.000292 seconds=7.90 best_epoch=78
2026-09-20 15:14:26,782 INFO model=lpd epoch=079/120 train_mse=0.0004001 val_mse=0.0004485 val_psnr_db=34.0155 lr=0.00028 seconds=7.92 best_epoch=78
2026-09-20 15:14:34,726 INFO model=lpd epoch=080/120 train_mse=0.0003942 val_mse=0.0004400 val_psnr_db=34.0956 lr=0.000269 seconds=7.90 best_epoch=80
2026-09-20 15:14:42,656 INFO model=lpd epoch=081/120 train_mse=0.0003911 val_mse=0.0004470 val_psnr_db=34.0105 lr=0.000257 seconds=7.90 best_epoch=80
2026-09-20 15:14:50,667 INFO model=lpd epoch=082/120 train_mse=0.0003933 val_mse=0.0004407 val_psnr_db=34.0929 lr=0.000246 seconds=7.98 best_epoch=80
2026-09-20 15:14:58,612 INFO model=lpd epoch=083/120 train_mse=0.0003884 val_mse=0.0004413 val_psnr_db=34.0797 lr=0.000235 seconds=7.91 best_epoch=80
2026-09-20 15:15:06,541 INFO model=lpd epoch=084/120 train_mse=0.0003874 val_mse=0.0004379 val_psnr_db=34.1049 lr=0.000225 seconds=7.89 best_epoch=84
2026-09-20 15:15:14,467 INFO model=lpd epoch=085/120 train_mse=0.0003842 val_mse=0.0004339 val_psnr_db=34.1440 lr=0.000214 seconds=7.88 best_epoch=85
2026-09-20 15:15:22,394 INFO model=lpd epoch=086/120 train_mse=0.0003818 val_mse=0.0004244 val_psnr_db=34.2408 lr=0.000204 seconds=7.89 best_epoch=86
2026-09-20 15:15:30,319 INFO model=lpd epoch=087/120 train_mse=0.0003783 val_mse=0.0004279 val_psnr_db=34.2103 lr=0.000193 seconds=7.89 best_epoch=86
2026-09-20 15:15:38,258 INFO model=lpd epoch=088/120 train_mse=0.0003775 val_mse=0.0004211 val_psnr_db=34.2680 lr=0.000184 seconds=7.90 best_epoch=88
2026-09-20 15:15:46,173 INFO model=lpd epoch=089/120 train_mse=0.0003743 val_mse=0.0004244 val_psnr_db=34.2405 lr=0.000174 seconds=7.88 best_epoch=88
2026-09-20 15:15:54,081 INFO model=lpd epoch=090/120 train_mse=0.0003755 val_mse=0.0004331 val_psnr_db=34.1668 lr=0.000164 seconds=7.88 best_epoch=88
2026-09-20 15:16:01,974 INFO model=lpd epoch=091/120 train_mse=0.0003789 val_mse=0.0004266 val_psnr_db=34.2264 lr=0.000155 seconds=7.86 best_epoch=88
2026-09-20 15:16:09,867 INFO model=lpd epoch=092/120 train_mse=0.0003750 val_mse=0.0004225 val_psnr_db=34.2507 lr=0.000146 seconds=7.86 best_epoch=88
2026-09-20 15:16:17,787 INFO model=lpd epoch=093/120 train_mse=0.0003718 val_mse=0.0004159 val_psnr_db=34.3254 lr=0.000137 seconds=7.88 best_epoch=93
2026-09-20 15:16:25,745 INFO model=lpd epoch=094/120 train_mse=0.0003717 val_mse=0.0004148 val_psnr_db=34.3406 lr=0.000129 seconds=7.91 best_epoch=94
2026-09-20 15:16:33,651 INFO model=lpd epoch=095/120 train_mse=0.0003708 val_mse=0.0004150 val_psnr_db=34.3352 lr=0.00012 seconds=7.87 best_epoch=94
2026-09-20 15:16:41,556 INFO model=lpd epoch=096/120 train_mse=0.0003700 val_mse=0.0004148 val_psnr_db=34.3358 lr=0.000112 seconds=7.87 best_epoch=94
2026-09-20 15:16:49,465 INFO model=lpd epoch=097/120 train_mse=0.0003692 val_mse=0.0004158 val_psnr_db=34.3315 lr=0.000105 seconds=7.88 best_epoch=94
2026-09-20 15:16:57,369 INFO model=lpd epoch=098/120 train_mse=0.0003671 val_mse=0.0004159 val_psnr_db=34.3258 lr=9.71e-05 seconds=7.87 best_epoch=94
2026-09-20 15:17:05,286 INFO model=lpd epoch=099/120 train_mse=0.0003659 val_mse=0.0004124 val_psnr_db=34.3643 lr=8.99e-05 seconds=7.87 best_epoch=99
2026-09-20 15:17:13,197 INFO model=lpd epoch=100/120 train_mse=0.0003656 val_mse=0.0004123 val_psnr_db=34.3677 lr=8.29e-05 seconds=7.87 best_epoch=100
2026-09-20 15:17:21,108 INFO model=lpd epoch=101/120 train_mse=0.0003639 val_mse=0.0004119 val_psnr_db=34.3710 lr=7.63e-05 seconds=7.87 best_epoch=101
2026-09-20 15:17:29,019 INFO model=lpd epoch=102/120 train_mse=0.0003636 val_mse=0.0004114 val_psnr_db=34.3732 lr=7e-05 seconds=7.87 best_epoch=102
2026-09-20 15:17:36,923 INFO model=lpd epoch=103/120 train_mse=0.0003640 val_mse=0.0004119 val_psnr_db=34.3753 lr=6.4e-05 seconds=7.87 best_epoch=102
2026-09-20 15:17:44,826 INFO model=lpd epoch=104/120 train_mse=0.0003644 val_mse=0.0004134 val_psnr_db=34.3608 lr=5.82e-05 seconds=7.87 best_epoch=102
2026-09-20 15:17:52,847 INFO model=lpd epoch=105/120 train_mse=0.0003635 val_mse=0.0004111 val_psnr_db=34.3759 lr=5.28e-05 seconds=7.98 best_epoch=105
2026-09-20 15:18:00,758 INFO model=lpd epoch=106/120 train_mse=0.0003631 val_mse=0.0004089 val_psnr_db=34.3995 lr=4.77e-05 seconds=7.87 best_epoch=106
2026-09-20 15:18:08,660 INFO model=lpd epoch=107/120 train_mse=0.0003642 val_mse=0.0004098 val_psnr_db=34.3920 lr=4.29e-05 seconds=7.87 best_epoch=106
2026-09-20 15:18:16,563 INFO model=lpd epoch=108/120 train_mse=0.0003624 val_mse=0.0004098 val_psnr_db=34.3913 lr=3.84e-05 seconds=7.87 best_epoch=106
2026-09-20 15:18:24,476 INFO model=lpd epoch=109/120 train_mse=0.0003621 val_mse=0.0004082 val_psnr_db=34.4068 lr=3.42e-05 seconds=7.87 best_epoch=109
2026-09-20 15:18:32,380 INFO model=lpd epoch=110/120 train_mse=0.0003613 val_mse=0.0004088 val_psnr_db=34.4026 lr=3.04e-05 seconds=7.86 best_epoch=109
2026-09-20 15:18:40,291 INFO model=lpd epoch=111/120 train_mse=0.0003611 val_mse=0.0004079 val_psnr_db=34.4097 lr=2.69e-05 seconds=7.87 best_epoch=111
2026-09-20 15:18:48,202 INFO model=lpd epoch=112/120 train_mse=0.0003612 val_mse=0.0004075 val_psnr_db=34.4125 lr=2.37e-05 seconds=7.87 best_epoch=112
2026-09-20 15:18:56,104 INFO model=lpd epoch=113/120 train_mse=0.0003616 val_mse=0.0004107 val_psnr_db=34.3865 lr=2.08e-05 seconds=7.86 best_epoch=112
2026-09-20 15:19:04,006 INFO model=lpd epoch=114/120 train_mse=0.0003619 val_mse=0.0004076 val_psnr_db=34.4128 lr=1.83e-05 seconds=7.87 best_epoch=112
2026-09-20 15:19:11,917 INFO model=lpd epoch=115/120 train_mse=0.0003607 val_mse=0.0004073 val_psnr_db=34.4151 lr=1.61e-05 seconds=7.87 best_epoch=115
2026-09-20 15:19:19,816 INFO model=lpd epoch=116/120 train_mse=0.0003605 val_mse=0.0004078 val_psnr_db=34.4134 lr=1.42e-05 seconds=7.87 best_epoch=115
2026-09-20 15:19:27,732 INFO model=lpd epoch=117/120 train_mse=0.0003603 val_mse=0.0004072 val_psnr_db=34.4160 lr=1.27e-05 seconds=7.87 best_epoch=117
2026-09-20 15:19:35,628 INFO model=lpd epoch=118/120 train_mse=0.0003603 val_mse=0.0004074 val_psnr_db=34.4160 lr=1.15e-05 seconds=7.86 best_epoch=117
2026-09-20 15:19:43,523 INFO model=lpd epoch=119/120 train_mse=0.0003602 val_mse=0.0004074 val_psnr_db=34.4170 lr=1.07e-05 seconds=7.86 best_epoch=117
2026-09-20 15:19:51,434 INFO model=lpd epoch=120/120 train_mse=0.0003601 val_mse=0.0004072 val_psnr_db=34.4181 lr=1.02e-05 seconds=7.87 best_epoch=120
2026-09-20 15:19:51,483 INFO model=lpd training_complete seconds=950.84 best_epoch=120 peak_memory_bytes=2048780288
2026-09-20 15:19:51,486 INFO model=iradonmap parameters=24301089 epochs=120 lr=0.0001 device=cuda supervised=True selected_on=image MSE against the clean image
2026-09-20 15:19:51,610 INFO model=iradonmap initial_gradient_norm=0.00074542238
2026-09-20 15:19:53,143 INFO model=iradonmap epoch=001/120 train_mse=0.0050468 val_mse=0.0050930 val_psnr_db=22.9971 lr=0.0001 seconds=1.51 best_epoch=1
2026-09-20 15:19:55,565 INFO model=iradonmap epoch=002/120 train_mse=0.0047850 val_mse=0.0050519 val_psnr_db=23.0325 lr=0.0001 seconds=1.50 best_epoch=2
2026-09-20 15:19:59,268 INFO model=iradonmap epoch=003/120 train_mse=0.0046164 val_mse=0.0050041 val_psnr_db=23.0742 lr=9.99e-05 seconds=1.55 best_epoch=3
2026-09-20 15:20:02,773 INFO model=iradonmap epoch=004/120 train_mse=0.0044654 val_mse=0.0049561 val_psnr_db=23.1161 lr=9.98e-05 seconds=1.54 best_epoch=4
2026-09-20 15:20:06,089 INFO model=iradonmap epoch=005/120 train_mse=0.0043250 val_mse=0.0049115 val_psnr_db=23.1557 lr=9.97e-05 seconds=1.54 best_epoch=5
2026-09-20 15:20:09,409 INFO model=iradonmap epoch=006/120 train_mse=0.0041909 val_mse=0.0048681 val_psnr_db=23.1946 lr=9.96e-05 seconds=1.52 best_epoch=6
2026-09-20 15:20:12,717 INFO model=iradonmap epoch=007/120 train_mse=0.0040597 val_mse=0.0048195 val_psnr_db=23.2386 lr=9.94e-05 seconds=1.53 best_epoch=7
2026-09-20 15:20:15,903 INFO model=iradonmap epoch=008/120 train_mse=0.0039226 val_mse=0.0047593 val_psnr_db=23.2936 lr=9.92e-05 seconds=1.49 best_epoch=8
2026-09-20 15:20:19,117 INFO model=iradonmap epoch=009/120 train_mse=0.0037791 val_mse=0.0046758 val_psnr_db=23.3707 lr=9.89e-05 seconds=1.50 best_epoch=9
2026-09-20 15:20:22,464 INFO model=iradonmap epoch=010/120 train_mse=0.0036192 val_mse=0.0045486 val_psnr_db=23.4909 lr=9.86e-05 seconds=1.54 best_epoch=10
2026-09-20 15:20:25,692 INFO model=iradonmap epoch=011/120 train_mse=0.0034204 val_mse=0.0043580 val_psnr_db=23.6765 lr=9.83e-05 seconds=1.50 best_epoch=11
2026-09-20 15:20:29,190 INFO model=iradonmap epoch=012/120 train_mse=0.0031890 val_mse=0.0041058 val_psnr_db=23.9337 lr=9.8e-05 seconds=1.54 best_epoch=12
2026-09-20 15:20:32,285 INFO model=iradonmap epoch=013/120 train_mse=0.0029196 val_mse=0.0037819 val_psnr_db=24.2889 lr=9.76e-05 seconds=1.50 best_epoch=13
2026-09-20 15:20:35,857 INFO model=iradonmap epoch=014/120 train_mse=0.0026208 val_mse=0.0034240 val_psnr_db=24.7182 lr=9.72e-05 seconds=1.54 best_epoch=14
2026-09-20 15:20:39,084 INFO model=iradonmap epoch=015/120 train_mse=0.0023331 val_mse=0.0030920 val_psnr_db=25.1585 lr=9.67e-05 seconds=1.53 best_epoch=15
2026-09-20 15:20:42,245 INFO model=iradonmap epoch=016/120 train_mse=0.0020808 val_mse=0.0028090 val_psnr_db=25.5754 lr=9.62e-05 seconds=1.50 best_epoch=16
2026-09-20 15:20:45,357 INFO model=iradonmap epoch=017/120 train_mse=0.0018626 val_mse=0.0025510 val_psnr_db=25.9929 lr=9.57e-05 seconds=1.49 best_epoch=17
2026-09-20 15:20:48,771 INFO model=iradonmap epoch=018/120 train_mse=0.0016799 val_mse=0.0023340 val_psnr_db=26.3818 lr=9.52e-05 seconds=1.54 best_epoch=18
2026-09-20 15:20:52,301 INFO model=iradonmap epoch=019/120 train_mse=0.0015205 val_mse=0.0021390 val_psnr_db=26.7647 lr=9.46e-05 seconds=1.53 best_epoch=19
2026-09-20 15:20:55,555 INFO model=iradonmap epoch=020/120 train_mse=0.0013799 val_mse=0.0019635 val_psnr_db=27.1408 lr=9.4e-05 seconds=1.50 best_epoch=20
2026-09-20 15:20:58,713 INFO model=iradonmap epoch=021/120 train_mse=0.0012507 val_mse=0.0017982 val_psnr_db=27.5293 lr=9.34e-05 seconds=1.50 best_epoch=21
2026-09-20 15:21:02,186 INFO model=iradonmap epoch=022/120 train_mse=0.0011265 val_mse=0.0016251 val_psnr_db=27.9778 lr=9.27e-05 seconds=1.52 best_epoch=22
2026-09-20 15:21:05,391 INFO model=iradonmap epoch=023/120 train_mse=0.0010018 val_mse=0.0014530 val_psnr_db=28.4761 lr=9.2e-05 seconds=1.50 best_epoch=23
2026-09-20 15:21:08,501 INFO model=iradonmap epoch=024/120 train_mse=0.0008820 val_mse=0.0012954 val_psnr_db=28.9913 lr=9.13e-05 seconds=1.50 best_epoch=24
2026-09-20 15:21:11,730 INFO model=iradonmap epoch=025/120 train_mse=0.0007776 val_mse=0.0011587 val_psnr_db=29.4937 lr=9.05e-05 seconds=1.54 best_epoch=25
2026-09-20 15:21:14,988 INFO model=iradonmap epoch=026/120 train_mse=0.0006874 val_mse=0.0010457 val_psnr_db=29.9572 lr=8.98e-05 seconds=1.54 best_epoch=26
2026-09-20 15:21:18,130 INFO model=iradonmap epoch=027/120 train_mse=0.0006217 val_mse=0.0009590 val_psnr_db=30.3491 lr=8.9e-05 seconds=1.50 best_epoch=27
2026-09-20 15:21:21,721 INFO model=iradonmap epoch=028/120 train_mse=0.0005659 val_mse=0.0008945 val_psnr_db=30.6650 lr=8.81e-05 seconds=1.55 best_epoch=28
2026-09-20 15:21:25,093 INFO model=iradonmap epoch=029/120 train_mse=0.0005228 val_mse=0.0008423 val_psnr_db=30.9431 lr=8.73e-05 seconds=1.52 best_epoch=29
2026-09-20 15:21:28,556 INFO model=iradonmap epoch=030/120 train_mse=0.0004885 val_mse=0.0008020 val_psnr_db=31.1697 lr=8.64e-05 seconds=1.53 best_epoch=30
2026-09-20 15:21:31,690 INFO model=iradonmap epoch=031/120 train_mse=0.0004609 val_mse=0.0007688 val_psnr_db=31.3656 lr=8.55e-05 seconds=1.50 best_epoch=31
2026-09-20 15:21:34,918 INFO model=iradonmap epoch=032/120 train_mse=0.0004381 val_mse=0.0007414 val_psnr_db=31.5346 lr=8.46e-05 seconds=1.50 best_epoch=32
2026-09-20 15:21:38,129 INFO model=iradonmap epoch=033/120 train_mse=0.0004182 val_mse=0.0007193 val_psnr_db=31.6773 lr=8.36e-05 seconds=1.50 best_epoch=33
2026-09-20 15:21:41,297 INFO model=iradonmap epoch=034/120 train_mse=0.0004016 val_mse=0.0007007 val_psnr_db=31.8014 lr=8.26e-05 seconds=1.54 best_epoch=34
2026-09-20 15:21:44,773 INFO model=iradonmap epoch=035/120 train_mse=0.0003867 val_mse=0.0006844 val_psnr_db=31.9115 lr=8.17e-05 seconds=1.55 best_epoch=35
2026-09-20 15:21:48,098 INFO model=iradonmap epoch=036/120 train_mse=0.0003743 val_mse=0.0006678 val_psnr_db=32.0254 lr=8.06e-05 seconds=1.52 best_epoch=36
2026-09-20 15:21:51,390 INFO model=iradonmap epoch=037/120 train_mse=0.0003626 val_mse=0.0006573 val_psnr_db=32.1013 lr=7.96e-05 seconds=1.53 best_epoch=37
2026-09-20 15:21:54,807 INFO model=iradonmap epoch=038/120 train_mse=0.0003528 val_mse=0.0006454 val_psnr_db=32.1894 lr=7.85e-05 seconds=1.54 best_epoch=38
2026-09-20 15:21:58,114 INFO model=iradonmap epoch=039/120 train_mse=0.0003431 val_mse=0.0006334 val_psnr_db=32.2744 lr=7.75e-05 seconds=1.54 best_epoch=39
2026-09-20 15:22:01,744 INFO model=iradonmap epoch=040/120 train_mse=0.0003359 val_mse=0.0006315 val_psnr_db=32.2973 lr=7.64e-05 seconds=1.54 best_epoch=40
2026-09-20 15:22:04,879 INFO model=iradonmap epoch=041/120 train_mse=0.0003275 val_mse=0.0006188 val_psnr_db=32.3909 lr=7.53e-05 seconds=1.50 best_epoch=41
2026-09-20 15:22:08,408 INFO model=iradonmap epoch=042/120 train_mse=0.0003194 val_mse=0.0006107 val_psnr_db=32.4504 lr=7.41e-05 seconds=1.55 best_epoch=42
2026-09-20 15:22:11,859 INFO model=iradonmap epoch=043/120 train_mse=0.0003134 val_mse=0.0006056 val_psnr_db=32.4936 lr=7.3e-05 seconds=1.52 best_epoch=43
2026-09-20 15:22:15,083 INFO model=iradonmap epoch=044/120 train_mse=0.0003065 val_mse=0.0005984 val_psnr_db=32.5491 lr=7.18e-05 seconds=1.54 best_epoch=44
2026-09-20 15:22:18,206 INFO model=iradonmap epoch=045/120 train_mse=0.0003005 val_mse=0.0005934 val_psnr_db=32.5917 lr=7.06e-05 seconds=1.50 best_epoch=45
2026-09-20 15:22:21,404 INFO model=iradonmap epoch=046/120 train_mse=0.0002952 val_mse=0.0005875 val_psnr_db=32.6374 lr=6.94e-05 seconds=1.50 best_epoch=46
2026-09-20 15:22:24,600 INFO model=iradonmap epoch=047/120 train_mse=0.0002904 val_mse=0.0005830 val_psnr_db=32.6728 lr=6.82e-05 seconds=1.50 best_epoch=47
2026-09-20 15:22:27,720 INFO model=iradonmap epoch=048/120 train_mse=0.0002856 val_mse=0.0005799 val_psnr_db=32.7013 lr=6.7e-05 seconds=1.50 best_epoch=48
2026-09-20 15:22:31,234 INFO model=iradonmap epoch=049/120 train_mse=0.0002815 val_mse=0.0005755 val_psnr_db=32.7373 lr=6.58e-05 seconds=1.55 best_epoch=49
2026-09-20 15:22:34,501 INFO model=iradonmap epoch=050/120 train_mse=0.0002770 val_mse=0.0005732 val_psnr_db=32.7598 lr=6.46e-05 seconds=1.54 best_epoch=50
2026-09-20 15:22:37,633 INFO model=iradonmap epoch=051/120 train_mse=0.0002728 val_mse=0.0005694 val_psnr_db=32.7902 lr=6.33e-05 seconds=1.50 best_epoch=51
2026-09-20 15:22:40,833 INFO model=iradonmap epoch=052/120 train_mse=0.0002683 val_mse=0.0005662 val_psnr_db=32.8178 lr=6.21e-05 seconds=1.50 best_epoch=52
2026-09-20 15:22:44,084 INFO model=iradonmap epoch=053/120 train_mse=0.0002645 val_mse=0.0005648 val_psnr_db=32.8314 lr=6.08e-05 seconds=1.50 best_epoch=53
2026-09-20 15:22:47,431 INFO model=iradonmap epoch=054/120 train_mse=0.0002608 val_mse=0.0005618 val_psnr_db=32.8545 lr=5.95e-05 seconds=1.54 best_epoch=54
2026-09-20 15:22:50,672 INFO model=iradonmap epoch=055/120 train_mse=0.0002576 val_mse=0.0005602 val_psnr_db=32.8730 lr=5.82e-05 seconds=1.54 best_epoch=55
2026-09-20 15:22:53,866 INFO model=iradonmap epoch=056/120 train_mse=0.0002541 val_mse=0.0005574 val_psnr_db=32.8978 lr=5.7e-05 seconds=1.50 best_epoch=56
2026-09-20 15:22:56,622 INFO model=iradonmap epoch=057/120 train_mse=0.0002513 val_mse=0.0005580 val_psnr_db=32.8911 lr=5.57e-05 seconds=1.51 best_epoch=56
2026-09-20 15:22:59,811 INFO model=iradonmap epoch=058/120 train_mse=0.0002488 val_mse=0.0005562 val_psnr_db=32.9121 lr=5.44e-05 seconds=1.50 best_epoch=58
2026-09-20 15:23:02,934 INFO model=iradonmap epoch=059/120 train_mse=0.0002455 val_mse=0.0005535 val_psnr_db=32.9371 lr=5.31e-05 seconds=1.50 best_epoch=59
2026-09-20 15:23:06,056 INFO model=iradonmap epoch=060/120 train_mse=0.0002427 val_mse=0.0005484 val_psnr_db=32.9753 lr=5.18e-05 seconds=1.50 best_epoch=60
2026-09-20 15:23:09,397 INFO model=iradonmap epoch=061/120 train_mse=0.0002405 val_mse=0.0005482 val_psnr_db=32.9815 lr=5.05e-05 seconds=1.52 best_epoch=61
2026-09-20 15:23:13,144 INFO model=iradonmap epoch=062/120 train_mse=0.0002377 val_mse=0.0005472 val_psnr_db=32.9899 lr=4.92e-05 seconds=1.53 best_epoch=62
2026-09-20 15:23:16,273 INFO model=iradonmap epoch=063/120 train_mse=0.0002355 val_mse=0.0005444 val_psnr_db=33.0145 lr=4.79e-05 seconds=1.50 best_epoch=63
2026-09-20 15:23:19,466 INFO model=iradonmap epoch=064/120 train_mse=0.0002329 val_mse=0.0005439 val_psnr_db=33.0184 lr=4.66e-05 seconds=1.50 best_epoch=64
2026-09-20 15:23:22,670 INFO model=iradonmap epoch=065/120 train_mse=0.0002311 val_mse=0.0005432 val_psnr_db=33.0272 lr=4.53e-05 seconds=1.50 best_epoch=65
2026-09-20 15:23:25,872 INFO model=iradonmap epoch=066/120 train_mse=0.0002288 val_mse=0.0005401 val_psnr_db=33.0537 lr=4.4e-05 seconds=1.54 best_epoch=66
2026-09-20 15:23:29,090 INFO model=iradonmap epoch=067/120 train_mse=0.0002266 val_mse=0.0005385 val_psnr_db=33.0676 lr=4.28e-05 seconds=1.50 best_epoch=67
2026-09-20 15:23:31,820 INFO model=iradonmap epoch=068/120 train_mse=0.0002247 val_mse=0.0005387 val_psnr_db=33.0676 lr=4.15e-05 seconds=1.50 best_epoch=67
2026-09-20 15:23:35,282 INFO model=iradonmap epoch=069/120 train_mse=0.0002229 val_mse=0.0005360 val_psnr_db=33.0896 lr=4.02e-05 seconds=1.50 best_epoch=69
2026-09-20 15:23:38,006 INFO model=iradonmap epoch=070/120 train_mse=0.0002211 val_mse=0.0005363 val_psnr_db=33.0902 lr=3.89e-05 seconds=1.50 best_epoch=69
2026-09-20 15:23:41,219 INFO model=iradonmap epoch=071/120 train_mse=0.0002194 val_mse=0.0005337 val_psnr_db=33.1104 lr=3.77e-05 seconds=1.51 best_epoch=71
2026-09-20 15:23:44,342 INFO model=iradonmap epoch=072/120 train_mse=0.0002178 val_mse=0.0005325 val_psnr_db=33.1212 lr=3.64e-05 seconds=1.50 best_epoch=72
2026-09-20 15:23:48,076 INFO model=iradonmap epoch=073/120 train_mse=0.0002163 val_mse=0.0005315 val_psnr_db=33.1309 lr=3.52e-05 seconds=1.55 best_epoch=73
2026-09-20 15:23:51,069 INFO model=iradonmap epoch=074/120 train_mse=0.0002149 val_mse=0.0005326 val_psnr_db=33.1240 lr=3.4e-05 seconds=1.53 best_epoch=73
2026-09-20 15:23:54,265 INFO model=iradonmap epoch=075/120 train_mse=0.0002133 val_mse=0.0005306 val_psnr_db=33.1414 lr=3.28e-05 seconds=1.50 best_epoch=75
2026-09-20 15:23:57,383 INFO model=iradonmap epoch=076/120 train_mse=0.0002120 val_mse=0.0005289 val_psnr_db=33.1555 lr=3.16e-05 seconds=1.51 best_epoch=76
2026-09-20 15:24:00,126 INFO model=iradonmap epoch=077/120 train_mse=0.0002106 val_mse=0.0005292 val_psnr_db=33.1540 lr=3.04e-05 seconds=1.50 best_epoch=76
2026-09-20 15:24:03,338 INFO model=iradonmap epoch=078/120 train_mse=0.0002094 val_mse=0.0005279 val_psnr_db=33.1658 lr=2.92e-05 seconds=1.50 best_epoch=78
2026-09-20 15:24:06,533 INFO model=iradonmap epoch=079/120 train_mse=0.0002081 val_mse=0.0005279 val_psnr_db=33.1661 lr=2.8e-05 seconds=1.50 best_epoch=79
2026-09-20 15:24:10,066 INFO model=iradonmap epoch=080/120 train_mse=0.0002070 val_mse=0.0005263 val_psnr_db=33.1800 lr=2.69e-05 seconds=1.53 best_epoch=80
2026-09-20 15:24:12,994 INFO model=iradonmap epoch=081/120 train_mse=0.0002058 val_mse=0.0005269 val_psnr_db=33.1769 lr=2.58e-05 seconds=1.52 best_epoch=80
2026-09-20 15:24:16,129 INFO model=iradonmap epoch=082/120 train_mse=0.0002048 val_mse=0.0005252 val_psnr_db=33.1905 lr=2.46e-05 seconds=1.51 best_epoch=82
2026-09-20 15:24:19,468 INFO model=iradonmap epoch=083/120 train_mse=0.0002039 val_mse=0.0005245 val_psnr_db=33.1968 lr=2.35e-05 seconds=1.53 best_epoch=83
2026-09-20 15:24:22,810 INFO model=iradonmap epoch=084/120 train_mse=0.0002030 val_mse=0.0005243 val_psnr_db=33.2003 lr=2.25e-05 seconds=1.54 best_epoch=84
2026-09-20 15:24:26,128 INFO model=iradonmap epoch=085/120 train_mse=0.0002020 val_mse=0.0005233 val_psnr_db=33.2092 lr=2.14e-05 seconds=1.52 best_epoch=85
2026-09-20 15:24:28,877 INFO model=iradonmap epoch=086/120 train_mse=0.0002011 val_mse=0.0005238 val_psnr_db=33.2055 lr=2.04e-05 seconds=1.50 best_epoch=85
2026-09-20 15:24:31,661 INFO model=iradonmap epoch=087/120 train_mse=0.0002004 val_mse=0.0005237 val_psnr_db=33.2067 lr=1.93e-05 seconds=1.50 best_epoch=85
2026-09-20 15:24:34,804 INFO model=iradonmap epoch=088/120 train_mse=0.0001995 val_mse=0.0005224 val_psnr_db=33.2188 lr=1.84e-05 seconds=1.50 best_epoch=88
2026-09-20 15:24:38,027 INFO model=iradonmap epoch=089/120 train_mse=0.0001987 val_mse=0.0005220 val_psnr_db=33.2223 lr=1.74e-05 seconds=1.54 best_epoch=89
2026-09-20 15:24:41,381 INFO model=iradonmap epoch=090/120 train_mse=0.0001980 val_mse=0.0005215 val_psnr_db=33.2264 lr=1.64e-05 seconds=1.54 best_epoch=90
2026-09-20 15:24:44,956 INFO model=iradonmap epoch=091/120 train_mse=0.0001973 val_mse=0.0005209 val_psnr_db=33.2324 lr=1.55e-05 seconds=1.53 best_epoch=91
2026-09-20 15:24:48,480 INFO model=iradonmap epoch=092/120 train_mse=0.0001967 val_mse=0.0005208 val_psnr_db=33.2343 lr=1.46e-05 seconds=1.55 best_epoch=92
2026-09-20 15:24:51,583 INFO model=iradonmap epoch=093/120 train_mse=0.0001961 val_mse=0.0005205 val_psnr_db=33.2372 lr=1.37e-05 seconds=1.50 best_epoch=93
2026-09-20 15:24:54,779 INFO model=iradonmap epoch=094/120 train_mse=0.0001955 val_mse=0.0005196 val_psnr_db=33.2443 lr=1.29e-05 seconds=1.51 best_epoch=94
2026-09-20 15:24:57,562 INFO model=iradonmap epoch=095/120 train_mse=0.0001950 val_mse=0.0005197 val_psnr_db=33.2440 lr=1.2e-05 seconds=1.51 best_epoch=94
2026-09-20 15:25:00,685 INFO model=iradonmap epoch=096/120 train_mse=0.0001945 val_mse=0.0005194 val_psnr_db=33.2471 lr=1.12e-05 seconds=1.50 best_epoch=96
2026-09-20 15:25:03,869 INFO model=iradonmap epoch=097/120 train_mse=0.0001940 val_mse=0.0005190 val_psnr_db=33.2507 lr=1.05e-05 seconds=1.51 best_epoch=97
2026-09-20 15:25:06,612 INFO model=iradonmap epoch=098/120 train_mse=0.0001936 val_mse=0.0005190 val_psnr_db=33.2507 lr=9.71e-06 seconds=1.50 best_epoch=97
2026-09-20 15:25:09,830 INFO model=iradonmap epoch=099/120 train_mse=0.0001932 val_mse=0.0005187 val_psnr_db=33.2538 lr=8.99e-06 seconds=1.50 best_epoch=99
2026-09-20 15:25:13,053 INFO model=iradonmap epoch=100/120 train_mse=0.0001928 val_mse=0.0005183 val_psnr_db=33.2577 lr=8.29e-06 seconds=1.50 best_epoch=100
2026-09-20 15:25:16,166 INFO model=iradonmap epoch=101/120 train_mse=0.0001925 val_mse=0.0005180 val_psnr_db=33.2600 lr=7.63e-06 seconds=1.50 best_epoch=101
2026-09-20 15:25:19,334 INFO model=iradonmap epoch=102/120 train_mse=0.0001922 val_mse=0.0005181 val_psnr_db=33.2592 lr=7e-06 seconds=1.53 best_epoch=101
2026-09-20 15:25:22,066 INFO model=iradonmap epoch=103/120 train_mse=0.0001919 val_mse=0.0005181 val_psnr_db=33.2596 lr=6.4e-06 seconds=1.50 best_epoch=101
2026-09-20 15:25:24,869 INFO model=iradonmap epoch=104/120 train_mse=0.0001916 val_mse=0.0005181 val_psnr_db=33.2598 lr=5.82e-06 seconds=1.50 best_epoch=101
2026-09-20 15:25:28,067 INFO model=iradonmap epoch=105/120 train_mse=0.0001914 val_mse=0.0005178 val_psnr_db=33.2627 lr=5.28e-06 seconds=1.50 best_epoch=105
2026-09-20 15:25:31,361 INFO model=iradonmap epoch=106/120 train_mse=0.0001912 val_mse=0.0005173 val_psnr_db=33.2666 lr=4.77e-06 seconds=1.54 best_epoch=106
2026-09-20 15:25:34,214 INFO model=iradonmap epoch=107/120 train_mse=0.0001910 val_mse=0.0005174 val_psnr_db=33.2663 lr=4.29e-06 seconds=1.50 best_epoch=106
2026-09-20 15:25:37,133 INFO model=iradonmap epoch=108/120 train_mse=0.0001908 val_mse=0.0005173 val_psnr_db=33.2669 lr=3.84e-06 seconds=1.51 best_epoch=106
2026-09-20 15:25:40,409 INFO model=iradonmap epoch=109/120 train_mse=0.0001906 val_mse=0.0005172 val_psnr_db=33.2679 lr=3.42e-06 seconds=1.51 best_epoch=109
2026-09-20 15:25:43,604 INFO model=iradonmap epoch=110/120 train_mse=0.0001905 val_mse=0.0005170 val_psnr_db=33.2694 lr=3.04e-06 seconds=1.50 best_epoch=110
2026-09-20 15:25:46,733 INFO model=iradonmap epoch=111/120 train_mse=0.0001904 val_mse=0.0005170 val_psnr_db=33.2696 lr=2.69e-06 seconds=1.51 best_epoch=111
2026-09-20 15:25:49,931 INFO model=iradonmap epoch=112/120 train_mse=0.0001903 val_mse=0.0005168 val_psnr_db=33.2715 lr=2.37e-06 seconds=1.51 best_epoch=112
2026-09-20 15:25:52,749 INFO model=iradonmap epoch=113/120 train_mse=0.0001902 val_mse=0.0005169 val_psnr_db=33.2706 lr=2.08e-06 seconds=1.50 best_epoch=112
2026-09-20 15:25:55,851 INFO model=iradonmap epoch=114/120 train_mse=0.0001901 val_mse=0.0005166 val_psnr_db=33.2731 lr=1.83e-06 seconds=1.50 best_epoch=114
2026-09-20 15:25:58,857 INFO model=iradonmap epoch=115/120 train_mse=0.0001900 val_mse=0.0005167 val_psnr_db=33.2729 lr=1.61e-06 seconds=1.55 best_epoch=114
2026-09-20 15:26:02,221 INFO model=iradonmap epoch=116/120 train_mse=0.0001899 val_mse=0.0005166 val_psnr_db=33.2735 lr=1.42e-06 seconds=1.50 best_epoch=116
2026-09-20 15:26:04,954 INFO model=iradonmap epoch=117/120 train_mse=0.0001899 val_mse=0.0005166 val_psnr_db=33.2734 lr=1.27e-06 seconds=1.50 best_epoch=116
2026-09-20 15:26:08,164 INFO model=iradonmap epoch=118/120 train_mse=0.0001898 val_mse=0.0005165 val_psnr_db=33.2743 lr=1.15e-06 seconds=1.51 best_epoch=118
2026-09-20 15:26:10,978 INFO model=iradonmap epoch=119/120 train_mse=0.0001898 val_mse=0.0005166 val_psnr_db=33.2741 lr=1.07e-06 seconds=1.50 best_epoch=118
2026-09-20 15:26:14,337 INFO model=iradonmap epoch=120/120 train_mse=0.0001897 val_mse=0.0005165 val_psnr_db=33.2744 lr=1.02e-06 seconds=1.50 best_epoch=120
2026-09-20 15:26:15,693 INFO model=iradonmap training_complete seconds=384.21 best_epoch=120 peak_memory_bytes=1723438080
2026-09-20 15:26:15,695 INFO model=noise2inverse parameters=118305 epochs=120 lr=0.001 device=cuda supervised=False selected_on=held-out subset MSE
2026-09-20 15:26:15,839 INFO model=noise2inverse initial_gradient_norm=0.00027130987
2026-09-20 15:26:17,592 INFO model=noise2inverse epoch=001/120 train_mse=0.0282771 val_mse=0.0296270 val_psnr_db=22.9576 lr=0.001 seconds=1.89 best_epoch=1
2026-09-20 15:26:19,450 INFO model=noise2inverse epoch=002/120 train_mse=0.0273682 val_mse=0.0276454 val_psnr_db=23.4221 lr=0.001 seconds=1.85 best_epoch=2
2026-09-20 15:26:21,319 INFO model=noise2inverse epoch=003/120 train_mse=0.0258913 val_mse=0.0263107 val_psnr_db=23.5712 lr=0.000999 seconds=1.86 best_epoch=3
2026-09-20 15:26:23,177 INFO model=noise2inverse epoch=004/120 train_mse=0.0241935 val_mse=0.0262570 val_psnr_db=22.4521 lr=0.000998 seconds=1.84 best_epoch=4
2026-09-20 15:26:25,037 INFO model=noise2inverse epoch=005/120 train_mse=0.0238341 val_mse=0.0243271 val_psnr_db=24.6828 lr=0.000997 seconds=1.84 best_epoch=5
2026-09-20 15:26:26,902 INFO model=noise2inverse epoch=006/120 train_mse=0.0223961 val_mse=0.0227486 val_psnr_db=25.3299 lr=0.000996 seconds=1.85 best_epoch=6
2026-09-20 15:26:28,760 INFO model=noise2inverse epoch=007/120 train_mse=0.0210939 val_mse=0.0214254 val_psnr_db=26.8266 lr=0.000994 seconds=1.84 best_epoch=7
2026-09-20 15:26:30,621 INFO model=noise2inverse epoch=008/120 train_mse=0.0199229 val_mse=0.0206295 val_psnr_db=27.3983 lr=0.000992 seconds=1.85 best_epoch=8
2026-09-20 15:26:32,491 INFO model=noise2inverse epoch=009/120 train_mse=0.0192682 val_mse=0.0198819 val_psnr_db=28.3807 lr=0.000989 seconds=1.86 best_epoch=9
2026-09-20 15:26:34,348 INFO model=noise2inverse epoch=010/120 train_mse=0.0187400 val_mse=0.0196253 val_psnr_db=29.3319 lr=0.000986 seconds=1.84 best_epoch=10
2026-09-20 15:26:36,209 INFO model=noise2inverse epoch=011/120 train_mse=0.0184958 val_mse=0.0192794 val_psnr_db=29.5763 lr=0.000983 seconds=1.85 best_epoch=11
2026-09-20 15:26:38,064 INFO model=noise2inverse epoch=012/120 train_mse=0.0182891 val_mse=0.0191780 val_psnr_db=29.9460 lr=0.00098 seconds=1.84 best_epoch=12
2026-09-20 15:26:39,917 INFO model=noise2inverse epoch=013/120 train_mse=0.0181765 val_mse=0.0190633 val_psnr_db=30.4529 lr=0.000976 seconds=1.84 best_epoch=13
2026-09-20 15:26:41,768 INFO model=noise2inverse epoch=014/120 train_mse=0.0180903 val_mse=0.0191482 val_psnr_db=29.4196 lr=0.000972 seconds=1.84 best_epoch=13
2026-09-20 15:26:43,622 INFO model=noise2inverse epoch=015/120 train_mse=0.0181191 val_mse=0.0191550 val_psnr_db=29.3616 lr=0.000967 seconds=1.84 best_epoch=13
2026-09-20 15:26:45,488 INFO model=noise2inverse epoch=016/120 train_mse=0.0180575 val_mse=0.0189784 val_psnr_db=30.6558 lr=0.000962 seconds=1.85 best_epoch=16
2026-09-20 15:26:47,344 INFO model=noise2inverse epoch=017/120 train_mse=0.0179922 val_mse=0.0189425 val_psnr_db=29.7665 lr=0.000957 seconds=1.84 best_epoch=17
2026-09-20 15:26:49,198 INFO model=noise2inverse epoch=018/120 train_mse=0.0179741 val_mse=0.0188234 val_psnr_db=30.3297 lr=0.000952 seconds=1.84 best_epoch=18
2026-09-20 15:26:51,052 INFO model=noise2inverse epoch=019/120 train_mse=0.0178597 val_mse=0.0188514 val_psnr_db=29.8516 lr=0.000946 seconds=1.84 best_epoch=18
2026-09-20 15:26:52,918 INFO model=noise2inverse epoch=020/120 train_mse=0.0178256 val_mse=0.0187329 val_psnr_db=30.5549 lr=0.00094 seconds=1.85 best_epoch=20
2026-09-20 15:26:54,772 INFO model=noise2inverse epoch=021/120 train_mse=0.0176639 val_mse=0.0186163 val_psnr_db=30.3086 lr=0.000934 seconds=1.84 best_epoch=21
2026-09-20 15:26:56,627 INFO model=noise2inverse epoch=022/120 train_mse=0.0175991 val_mse=0.0185188 val_psnr_db=30.7096 lr=0.000927 seconds=1.84 best_epoch=22
2026-09-20 15:26:58,477 INFO model=noise2inverse epoch=023/120 train_mse=0.0176809 val_mse=0.0186482 val_psnr_db=31.8721 lr=0.00092 seconds=1.84 best_epoch=22
2026-09-20 15:27:00,331 INFO model=noise2inverse epoch=024/120 train_mse=0.0176758 val_mse=0.0185336 val_psnr_db=30.0517 lr=0.000913 seconds=1.84 best_epoch=22
2026-09-20 15:27:02,186 INFO model=noise2inverse epoch=025/120 train_mse=0.0174963 val_mse=0.0184272 val_psnr_db=31.2956 lr=0.000905 seconds=1.84 best_epoch=25
2026-09-20 15:27:04,047 INFO model=noise2inverse epoch=026/120 train_mse=0.0172995 val_mse=0.0183281 val_psnr_db=30.7363 lr=0.000898 seconds=1.84 best_epoch=26
2026-09-20 15:27:05,914 INFO model=noise2inverse epoch=027/120 train_mse=0.0173948 val_mse=0.0181956 val_psnr_db=31.2078 lr=0.00089 seconds=1.85 best_epoch=27
2026-09-20 15:27:07,772 INFO model=noise2inverse epoch=028/120 train_mse=0.0172649 val_mse=0.0181542 val_psnr_db=30.7010 lr=0.000881 seconds=1.84 best_epoch=28
2026-09-20 15:27:09,635 INFO model=noise2inverse epoch=029/120 train_mse=0.0172635 val_mse=0.0183115 val_psnr_db=29.6605 lr=0.000873 seconds=1.85 best_epoch=28
2026-09-20 15:27:11,495 INFO model=noise2inverse epoch=030/120 train_mse=0.0172246 val_mse=0.0180537 val_psnr_db=31.4553 lr=0.000864 seconds=1.84 best_epoch=30
2026-09-20 15:27:13,362 INFO model=noise2inverse epoch=031/120 train_mse=0.0172269 val_mse=0.0180340 val_psnr_db=31.4288 lr=0.000855 seconds=1.85 best_epoch=31
2026-09-20 15:27:15,213 INFO model=noise2inverse epoch=032/120 train_mse=0.0171437 val_mse=0.0181421 val_psnr_db=32.3296 lr=0.000846 seconds=1.84 best_epoch=31
2026-09-20 15:27:17,071 INFO model=noise2inverse epoch=033/120 train_mse=0.0171171 val_mse=0.0180398 val_psnr_db=32.0977 lr=0.000836 seconds=1.84 best_epoch=31
2026-09-20 15:27:18,939 INFO model=noise2inverse epoch=034/120 train_mse=0.0171199 val_mse=0.0179203 val_psnr_db=31.5538 lr=0.000826 seconds=1.85 best_epoch=34
2026-09-20 15:27:20,788 INFO model=noise2inverse epoch=035/120 train_mse=0.0170091 val_mse=0.0179632 val_psnr_db=30.9440 lr=0.000817 seconds=1.84 best_epoch=34
2026-09-20 15:27:22,642 INFO model=noise2inverse epoch=036/120 train_mse=0.0170448 val_mse=0.0179645 val_psnr_db=31.3151 lr=0.000806 seconds=1.84 best_epoch=34
2026-09-20 15:27:24,512 INFO model=noise2inverse epoch=037/120 train_mse=0.0170382 val_mse=0.0179176 val_psnr_db=31.8422 lr=0.000796 seconds=1.86 best_epoch=37
2026-09-20 15:27:26,372 INFO model=noise2inverse epoch=038/120 train_mse=0.0169587 val_mse=0.0178856 val_psnr_db=31.7166 lr=0.000785 seconds=1.85 best_epoch=38
2026-09-20 15:27:28,229 INFO model=noise2inverse epoch=039/120 train_mse=0.0169768 val_mse=0.0179237 val_psnr_db=31.7032 lr=0.000775 seconds=1.85 best_epoch=38
2026-09-20 15:27:30,086 INFO model=noise2inverse epoch=040/120 train_mse=0.0169428 val_mse=0.0178877 val_psnr_db=32.5080 lr=0.000764 seconds=1.85 best_epoch=38
2026-09-20 15:27:31,942 INFO model=noise2inverse epoch=041/120 train_mse=0.0169412 val_mse=0.0180858 val_psnr_db=32.5293 lr=0.000752 seconds=1.85 best_epoch=38
2026-09-20 15:27:33,803 INFO model=noise2inverse epoch=042/120 train_mse=0.0169562 val_mse=0.0178585 val_psnr_db=32.3787 lr=0.000741 seconds=1.85 best_epoch=42
2026-09-20 15:27:35,659 INFO model=noise2inverse epoch=043/120 train_mse=0.0168989 val_mse=0.0179507 val_psnr_db=32.1693 lr=0.00073 seconds=1.85 best_epoch=42
2026-09-20 15:27:37,524 INFO model=noise2inverse epoch=044/120 train_mse=0.0169401 val_mse=0.0178111 val_psnr_db=31.6560 lr=0.000718 seconds=1.85 best_epoch=44
2026-09-20 15:27:39,397 INFO model=noise2inverse epoch=045/120 train_mse=0.0169265 val_mse=0.0177963 val_psnr_db=31.4288 lr=0.000706 seconds=1.86 best_epoch=45
2026-09-20 15:27:41,256 INFO model=noise2inverse epoch=046/120 train_mse=0.0169353 val_mse=0.0177792 val_psnr_db=31.6081 lr=0.000694 seconds=1.84 best_epoch=46
2026-09-20 15:27:43,119 INFO model=noise2inverse epoch=047/120 train_mse=0.0168478 val_mse=0.0176872 val_psnr_db=31.7818 lr=0.000682 seconds=1.85 best_epoch=47
2026-09-20 15:27:44,975 INFO model=noise2inverse epoch=048/120 train_mse=0.0167954 val_mse=0.0177130 val_psnr_db=31.9609 lr=0.00067 seconds=1.85 best_epoch=47
2026-09-20 15:27:46,830 INFO model=noise2inverse epoch=049/120 train_mse=0.0169146 val_mse=0.0177157 val_psnr_db=31.9104 lr=0.000658 seconds=1.84 best_epoch=47
2026-09-20 15:27:48,686 INFO model=noise2inverse epoch=050/120 train_mse=0.0168383 val_mse=0.0177193 val_psnr_db=31.9574 lr=0.000646 seconds=1.85 best_epoch=47
2026-09-20 15:27:50,543 INFO model=noise2inverse epoch=051/120 train_mse=0.0168349 val_mse=0.0177000 val_psnr_db=32.2728 lr=0.000633 seconds=1.85 best_epoch=47
2026-09-20 15:27:52,408 INFO model=noise2inverse epoch=052/120 train_mse=0.0167845 val_mse=0.0176576 val_psnr_db=32.1529 lr=0.000621 seconds=1.85 best_epoch=52
2026-09-20 15:27:54,282 INFO model=noise2inverse epoch=053/120 train_mse=0.0167425 val_mse=0.0176389 val_psnr_db=31.5661 lr=0.000608 seconds=1.85 best_epoch=53
2026-09-20 15:27:56,137 INFO model=noise2inverse epoch=054/120 train_mse=0.0167867 val_mse=0.0176412 val_psnr_db=32.0874 lr=0.000595 seconds=1.85 best_epoch=53
2026-09-20 15:27:57,997 INFO model=noise2inverse epoch=055/120 train_mse=0.0167542 val_mse=0.0176349 val_psnr_db=32.4251 lr=0.000582 seconds=1.85 best_epoch=55
2026-09-20 15:27:59,857 INFO model=noise2inverse epoch=056/120 train_mse=0.0167725 val_mse=0.0176216 val_psnr_db=32.5155 lr=0.00057 seconds=1.85 best_epoch=56
2026-09-20 15:28:01,717 INFO model=noise2inverse epoch=057/120 train_mse=0.0167868 val_mse=0.0176022 val_psnr_db=32.0130 lr=0.000557 seconds=1.85 best_epoch=57
2026-09-20 15:28:03,573 INFO model=noise2inverse epoch=058/120 train_mse=0.0167649 val_mse=0.0176381 val_psnr_db=32.0660 lr=0.000544 seconds=1.85 best_epoch=57
2026-09-20 15:28:05,430 INFO model=noise2inverse epoch=059/120 train_mse=0.0166842 val_mse=0.0176253 val_psnr_db=32.6244 lr=0.000531 seconds=1.85 best_epoch=57
2026-09-20 15:28:07,290 INFO model=noise2inverse epoch=060/120 train_mse=0.0167887 val_mse=0.0176787 val_psnr_db=32.5113 lr=0.000518 seconds=1.85 best_epoch=57
2026-09-20 15:28:09,148 INFO model=noise2inverse epoch=061/120 train_mse=0.0167917 val_mse=0.0176106 val_psnr_db=32.5717 lr=0.000505 seconds=1.85 best_epoch=57
2026-09-20 15:28:11,007 INFO model=noise2inverse epoch=062/120 train_mse=0.0167364 val_mse=0.0176172 val_psnr_db=32.0387 lr=0.000492 seconds=1.85 best_epoch=57
2026-09-20 15:28:12,871 INFO model=noise2inverse epoch=063/120 train_mse=0.0167087 val_mse=0.0175743 val_psnr_db=32.0757 lr=0.000479 seconds=1.85 best_epoch=63
2026-09-20 15:28:14,727 INFO model=noise2inverse epoch=064/120 train_mse=0.0167477 val_mse=0.0175773 val_psnr_db=32.2981 lr=0.000466 seconds=1.85 best_epoch=63
2026-09-20 15:28:16,588 INFO model=noise2inverse epoch=065/120 train_mse=0.0167504 val_mse=0.0175682 val_psnr_db=32.0491 lr=0.000453 seconds=1.85 best_epoch=65
2026-09-20 15:28:18,451 INFO model=noise2inverse epoch=066/120 train_mse=0.0167299 val_mse=0.0175649 val_psnr_db=32.2827 lr=0.00044 seconds=1.85 best_epoch=66
2026-09-20 15:28:20,324 INFO model=noise2inverse epoch=067/120 train_mse=0.0167084 val_mse=0.0175399 val_psnr_db=32.1489 lr=0.000428 seconds=1.86 best_epoch=67
2026-09-20 15:28:22,181 INFO model=noise2inverse epoch=068/120 train_mse=0.0166908 val_mse=0.0175983 val_psnr_db=32.6406 lr=0.000415 seconds=1.85 best_epoch=67
2026-09-20 15:28:24,042 INFO model=noise2inverse epoch=069/120 train_mse=0.0167129 val_mse=0.0175420 val_psnr_db=31.8577 lr=0.000402 seconds=1.85 best_epoch=67
2026-09-20 15:28:25,897 INFO model=noise2inverse epoch=070/120 train_mse=0.0167531 val_mse=0.0175658 val_psnr_db=32.3414 lr=0.000389 seconds=1.84 best_epoch=67
2026-09-20 15:28:27,766 INFO model=noise2inverse epoch=071/120 train_mse=0.0166505 val_mse=0.0175069 val_psnr_db=32.0339 lr=0.000377 seconds=1.85 best_epoch=71
2026-09-20 15:28:29,628 INFO model=noise2inverse epoch=072/120 train_mse=0.0166558 val_mse=0.0175543 val_psnr_db=32.5838 lr=0.000364 seconds=1.85 best_epoch=71
2026-09-20 15:28:31,489 INFO model=noise2inverse epoch=073/120 train_mse=0.0166804 val_mse=0.0175219 val_psnr_db=32.3338 lr=0.000352 seconds=1.85 best_epoch=71
2026-09-20 15:28:33,353 INFO model=noise2inverse epoch=074/120 train_mse=0.0166708 val_mse=0.0175449 val_psnr_db=32.4757 lr=0.00034 seconds=1.85 best_epoch=71
2026-09-20 15:28:35,216 INFO model=noise2inverse epoch=075/120 train_mse=0.0166816 val_mse=0.0175196 val_psnr_db=32.2178 lr=0.000328 seconds=1.85 best_epoch=71
2026-09-20 15:28:37,078 INFO model=noise2inverse epoch=076/120 train_mse=0.0166852 val_mse=0.0175083 val_psnr_db=32.2420 lr=0.000316 seconds=1.85 best_epoch=71
2026-09-20 15:28:38,941 INFO model=noise2inverse epoch=077/120 train_mse=0.0166596 val_mse=0.0175282 val_psnr_db=32.7486 lr=0.000304 seconds=1.85 best_epoch=71
2026-09-20 15:28:40,805 INFO model=noise2inverse epoch=078/120 train_mse=0.0166397 val_mse=0.0175094 val_psnr_db=32.7279 lr=0.000292 seconds=1.85 best_epoch=71
2026-09-20 15:28:42,673 INFO model=noise2inverse epoch=079/120 train_mse=0.0166678 val_mse=0.0175041 val_psnr_db=32.6822 lr=0.00028 seconds=1.85 best_epoch=79
2026-09-20 15:28:44,536 INFO model=noise2inverse epoch=080/120 train_mse=0.0166636 val_mse=0.0175213 val_psnr_db=32.6371 lr=0.000269 seconds=1.85 best_epoch=79
2026-09-20 15:28:46,404 INFO model=noise2inverse epoch=081/120 train_mse=0.0166630 val_mse=0.0174934 val_psnr_db=32.4957 lr=0.000257 seconds=1.85 best_epoch=81
2026-09-20 15:28:48,270 INFO model=noise2inverse epoch=082/120 train_mse=0.0166207 val_mse=0.0174946 val_psnr_db=32.4799 lr=0.000246 seconds=1.86 best_epoch=81
2026-09-20 15:28:50,151 INFO model=noise2inverse epoch=083/120 train_mse=0.0166507 val_mse=0.0174881 val_psnr_db=32.5320 lr=0.000235 seconds=1.87 best_epoch=83
2026-09-20 15:28:52,019 INFO model=noise2inverse epoch=084/120 train_mse=0.0166109 val_mse=0.0174834 val_psnr_db=32.4519 lr=0.000225 seconds=1.85 best_epoch=84
2026-09-20 15:28:53,883 INFO model=noise2inverse epoch=085/120 train_mse=0.0166138 val_mse=0.0175032 val_psnr_db=32.8016 lr=0.000214 seconds=1.85 best_epoch=84
2026-09-20 15:28:55,748 INFO model=noise2inverse epoch=086/120 train_mse=0.0166389 val_mse=0.0175084 val_psnr_db=32.9074 lr=0.000204 seconds=1.85 best_epoch=84
2026-09-20 15:28:57,616 INFO model=noise2inverse epoch=087/120 train_mse=0.0166123 val_mse=0.0174777 val_psnr_db=32.5598 lr=0.000193 seconds=1.85 best_epoch=87
2026-09-20 15:28:59,478 INFO model=noise2inverse epoch=088/120 train_mse=0.0166201 val_mse=0.0174934 val_psnr_db=32.6580 lr=0.000184 seconds=1.85 best_epoch=87
2026-09-20 15:29:01,343 INFO model=noise2inverse epoch=089/120 train_mse=0.0166556 val_mse=0.0174860 val_psnr_db=32.7762 lr=0.000174 seconds=1.85 best_epoch=87
2026-09-20 15:29:03,213 INFO model=noise2inverse epoch=090/120 train_mse=0.0166222 val_mse=0.0174772 val_psnr_db=32.7851 lr=0.000164 seconds=1.85 best_epoch=90
2026-09-20 15:29:05,082 INFO model=noise2inverse epoch=091/120 train_mse=0.0165804 val_mse=0.0174746 val_psnr_db=32.7320 lr=0.000155 seconds=1.85 best_epoch=91
2026-09-20 15:29:06,947 INFO model=noise2inverse epoch=092/120 train_mse=0.0165990 val_mse=0.0174880 val_psnr_db=32.6698 lr=0.000146 seconds=1.85 best_epoch=91
2026-09-20 15:29:08,811 INFO model=noise2inverse epoch=093/120 train_mse=0.0166267 val_mse=0.0174844 val_psnr_db=32.8532 lr=0.000137 seconds=1.85 best_epoch=91
2026-09-20 15:29:10,679 INFO model=noise2inverse epoch=094/120 train_mse=0.0166314 val_mse=0.0174598 val_psnr_db=32.4300 lr=0.000129 seconds=1.85 best_epoch=94
2026-09-20 15:29:12,544 INFO model=noise2inverse epoch=095/120 train_mse=0.0165850 val_mse=0.0174856 val_psnr_db=32.8871 lr=0.00012 seconds=1.85 best_epoch=94
2026-09-20 15:29:14,409 INFO model=noise2inverse epoch=096/120 train_mse=0.0166031 val_mse=0.0174707 val_psnr_db=32.6433 lr=0.000112 seconds=1.85 best_epoch=94
2026-09-20 15:29:16,285 INFO model=noise2inverse epoch=097/120 train_mse=0.0165996 val_mse=0.0174669 val_psnr_db=32.7352 lr=0.000105 seconds=1.87 best_epoch=94
2026-09-20 15:29:18,150 INFO model=noise2inverse epoch=098/120 train_mse=0.0165534 val_mse=0.0174690 val_psnr_db=32.7926 lr=9.71e-05 seconds=1.85 best_epoch=94
2026-09-20 15:29:20,022 INFO model=noise2inverse epoch=099/120 train_mse=0.0166001 val_mse=0.0174590 val_psnr_db=32.6697 lr=8.99e-05 seconds=1.85 best_epoch=99
2026-09-20 15:29:21,885 INFO model=noise2inverse epoch=100/120 train_mse=0.0166002 val_mse=0.0174632 val_psnr_db=32.6658 lr=8.29e-05 seconds=1.85 best_epoch=99
2026-09-20 15:29:23,751 INFO model=noise2inverse epoch=101/120 train_mse=0.0166337 val_mse=0.0174597 val_psnr_db=32.7690 lr=7.63e-05 seconds=1.85 best_epoch=99
2026-09-20 15:29:25,627 INFO model=noise2inverse epoch=102/120 train_mse=0.0165966 val_mse=0.0174632 val_psnr_db=32.6824 lr=7e-05 seconds=1.86 best_epoch=99
2026-09-20 15:29:27,497 INFO model=noise2inverse epoch=103/120 train_mse=0.0166071 val_mse=0.0174560 val_psnr_db=32.7064 lr=6.4e-05 seconds=1.86 best_epoch=103
2026-09-20 15:29:29,363 INFO model=noise2inverse epoch=104/120 train_mse=0.0166083 val_mse=0.0174611 val_psnr_db=32.7791 lr=5.82e-05 seconds=1.85 best_epoch=103
2026-09-20 15:29:31,228 INFO model=noise2inverse epoch=105/120 train_mse=0.0166398 val_mse=0.0174578 val_psnr_db=32.7455 lr=5.28e-05 seconds=1.85 best_epoch=103
2026-09-20 15:29:33,096 INFO model=noise2inverse epoch=106/120 train_mse=0.0165530 val_mse=0.0174529 val_psnr_db=32.6887 lr=4.77e-05 seconds=1.85 best_epoch=106
2026-09-20 15:29:34,959 INFO model=noise2inverse epoch=107/120 train_mse=0.0166066 val_mse=0.0174598 val_psnr_db=32.7369 lr=4.29e-05 seconds=1.85 best_epoch=106
2026-09-20 15:29:36,826 INFO model=noise2inverse epoch=108/120 train_mse=0.0165866 val_mse=0.0174544 val_psnr_db=32.7034 lr=3.84e-05 seconds=1.85 best_epoch=106
2026-09-20 15:29:38,689 INFO model=noise2inverse epoch=109/120 train_mse=0.0166104 val_mse=0.0174577 val_psnr_db=32.7518 lr=3.42e-05 seconds=1.85 best_epoch=106
2026-09-20 15:29:40,553 INFO model=noise2inverse epoch=110/120 train_mse=0.0166190 val_mse=0.0174569 val_psnr_db=32.7664 lr=3.04e-05 seconds=1.85 best_epoch=106
2026-09-20 15:29:42,416 INFO model=noise2inverse epoch=111/120 train_mse=0.0166014 val_mse=0.0174532 val_psnr_db=32.7468 lr=2.69e-05 seconds=1.85 best_epoch=106
2026-09-20 15:29:44,285 INFO model=noise2inverse epoch=112/120 train_mse=0.0165782 val_mse=0.0174527 val_psnr_db=32.7437 lr=2.37e-05 seconds=1.85 best_epoch=112
2026-09-20 15:29:46,148 INFO model=noise2inverse epoch=113/120 train_mse=0.0165677 val_mse=0.0174545 val_psnr_db=32.7622 lr=2.08e-05 seconds=1.85 best_epoch=112
2026-09-20 15:29:48,015 INFO model=noise2inverse epoch=114/120 train_mse=0.0165806 val_mse=0.0174528 val_psnr_db=32.7286 lr=1.83e-05 seconds=1.85 best_epoch=112
2026-09-20 15:29:49,879 INFO model=noise2inverse epoch=115/120 train_mse=0.0165993 val_mse=0.0174558 val_psnr_db=32.7890 lr=1.61e-05 seconds=1.85 best_epoch=112
2026-09-20 15:29:51,743 INFO model=noise2inverse epoch=116/120 train_mse=0.0165832 val_mse=0.0174537 val_psnr_db=32.7626 lr=1.42e-05 seconds=1.85 best_epoch=112
2026-09-20 15:29:53,614 INFO model=noise2inverse epoch=117/120 train_mse=0.0165803 val_mse=0.0174503 val_psnr_db=32.7176 lr=1.27e-05 seconds=1.85 best_epoch=117
2026-09-20 15:29:55,479 INFO model=noise2inverse epoch=118/120 train_mse=0.0166253 val_mse=0.0174517 val_psnr_db=32.7467 lr=1.15e-05 seconds=1.85 best_epoch=117
2026-09-20 15:29:57,346 INFO model=noise2inverse epoch=119/120 train_mse=0.0165926 val_mse=0.0174530 val_psnr_db=32.7586 lr=1.07e-05 seconds=1.86 best_epoch=117
2026-09-20 15:29:59,219 INFO model=noise2inverse epoch=120/120 train_mse=0.0165299 val_mse=0.0174537 val_psnr_db=32.7675 lr=1.02e-05 seconds=1.86 best_epoch=117
2026-09-20 15:29:59,235 INFO model=noise2inverse training_complete seconds=223.54 best_epoch=117 peak_memory_bytes=1451015680
2026-09-20 15:29:59,236 INFO model=proj2proj parameters=118305 epochs=120 lr=0.001 device=cuda supervised=False selected_on=masked projection MSE
2026-09-20 15:29:59,336 INFO model=proj2proj initial_gradient_norm=5.8040048e-05
2026-09-20 15:30:00,889 INFO model=proj2proj epoch=001/120 train_mse=0.0001183 val_mse=0.0001387 val_psnr_db=22.8864 lr=0.001 seconds=1.65 best_epoch=1
2026-09-20 15:30:02,561 INFO model=proj2proj epoch=002/120 train_mse=0.0001166 val_mse=0.0001357 val_psnr_db=22.8747 lr=0.001 seconds=1.66 best_epoch=2
2026-09-20 15:30:04,234 INFO model=proj2proj epoch=003/120 train_mse=0.0001159 val_mse=0.0001351 val_psnr_db=22.8796 lr=0.000999 seconds=1.66 best_epoch=3
2026-09-20 15:30:05,908 INFO model=proj2proj epoch=004/120 train_mse=0.0001148 val_mse=0.0001349 val_psnr_db=22.8798 lr=0.000998 seconds=1.66 best_epoch=4
2026-09-20 15:30:07,575 INFO model=proj2proj epoch=005/120 train_mse=0.0001157 val_mse=0.0001354 val_psnr_db=22.8885 lr=0.000997 seconds=1.65 best_epoch=4
2026-09-20 15:30:09,248 INFO model=proj2proj epoch=006/120 train_mse=0.0001160 val_mse=0.0001344 val_psnr_db=22.8929 lr=0.000996 seconds=1.66 best_epoch=6
2026-09-20 15:30:10,921 INFO model=proj2proj epoch=007/120 train_mse=0.0001143 val_mse=0.0001333 val_psnr_db=22.9312 lr=0.000994 seconds=1.66 best_epoch=7
2026-09-20 15:30:12,596 INFO model=proj2proj epoch=008/120 train_mse=0.0001125 val_mse=0.0001305 val_psnr_db=23.0679 lr=0.000992 seconds=1.66 best_epoch=8
2026-09-20 15:30:14,269 INFO model=proj2proj epoch=009/120 train_mse=0.0001060 val_mse=0.0001139 val_psnr_db=23.6688 lr=0.000989 seconds=1.65 best_epoch=9
2026-09-20 15:30:15,943 INFO model=proj2proj epoch=010/120 train_mse=0.0000890 val_mse=0.0000944 val_psnr_db=24.4316 lr=0.000986 seconds=1.66 best_epoch=10
2026-09-20 15:30:17,619 INFO model=proj2proj epoch=011/120 train_mse=0.0000676 val_mse=0.0000684 val_psnr_db=25.6022 lr=0.000983 seconds=1.66 best_epoch=11
2026-09-20 15:30:19,292 INFO model=proj2proj epoch=012/120 train_mse=0.0000516 val_mse=0.0000497 val_psnr_db=26.1466 lr=0.00098 seconds=1.66 best_epoch=12
2026-09-20 15:30:20,964 INFO model=proj2proj epoch=013/120 train_mse=0.0000415 val_mse=0.0000430 val_psnr_db=26.3843 lr=0.000976 seconds=1.66 best_epoch=13
2026-09-20 15:30:22,639 INFO model=proj2proj epoch=014/120 train_mse=0.0000382 val_mse=0.0000407 val_psnr_db=26.5417 lr=0.000972 seconds=1.66 best_epoch=14
2026-09-20 15:30:24,310 INFO model=proj2proj epoch=015/120 train_mse=0.0000369 val_mse=0.0000391 val_psnr_db=26.7489 lr=0.000967 seconds=1.65 best_epoch=15
2026-09-20 15:30:25,983 INFO model=proj2proj epoch=016/120 train_mse=0.0000358 val_mse=0.0000377 val_psnr_db=26.9605 lr=0.000962 seconds=1.66 best_epoch=16
2026-09-20 15:30:27,650 INFO model=proj2proj epoch=017/120 train_mse=0.0000344 val_mse=0.0000365 val_psnr_db=27.2145 lr=0.000957 seconds=1.65 best_epoch=17
2026-09-20 15:30:29,315 INFO model=proj2proj epoch=018/120 train_mse=0.0000340 val_mse=0.0000356 val_psnr_db=27.5117 lr=0.000952 seconds=1.65 best_epoch=18
2026-09-20 15:30:30,976 INFO model=proj2proj epoch=019/120 train_mse=0.0000326 val_mse=0.0000356 val_psnr_db=27.8206 lr=0.000946 seconds=1.65 best_epoch=18
2026-09-20 15:30:32,650 INFO model=proj2proj epoch=020/120 train_mse=0.0000314 val_mse=0.0000330 val_psnr_db=28.1667 lr=0.00094 seconds=1.65 best_epoch=20
2026-09-20 15:30:34,317 INFO model=proj2proj epoch=021/120 train_mse=0.0000305 val_mse=0.0000321 val_psnr_db=28.5384 lr=0.000934 seconds=1.65 best_epoch=21
2026-09-20 15:30:35,983 INFO model=proj2proj epoch=022/120 train_mse=0.0000293 val_mse=0.0000311 val_psnr_db=28.9342 lr=0.000927 seconds=1.65 best_epoch=22
2026-09-20 15:30:37,652 INFO model=proj2proj epoch=023/120 train_mse=0.0000286 val_mse=0.0000302 val_psnr_db=29.3287 lr=0.00092 seconds=1.65 best_epoch=23
2026-09-20 15:30:39,315 INFO model=proj2proj epoch=024/120 train_mse=0.0000290 val_mse=0.0000311 val_psnr_db=29.5730 lr=0.000913 seconds=1.65 best_epoch=23
2026-09-20 15:30:40,983 INFO model=proj2proj epoch=025/120 train_mse=0.0000280 val_mse=0.0000281 val_psnr_db=29.8737 lr=0.000905 seconds=1.65 best_epoch=25
2026-09-20 15:30:42,652 INFO model=proj2proj epoch=026/120 train_mse=0.0000256 val_mse=0.0000260 val_psnr_db=30.7236 lr=0.000898 seconds=1.65 best_epoch=26
2026-09-20 15:30:44,319 INFO model=proj2proj epoch=027/120 train_mse=0.0000231 val_mse=0.0000245 val_psnr_db=31.5091 lr=0.00089 seconds=1.65 best_epoch=27
2026-09-20 15:30:45,987 INFO model=proj2proj epoch=028/120 train_mse=0.0000226 val_mse=0.0000226 val_psnr_db=31.8970 lr=0.000881 seconds=1.65 best_epoch=28
2026-09-20 15:30:47,655 INFO model=proj2proj epoch=029/120 train_mse=0.0000211 val_mse=0.0000217 val_psnr_db=32.1834 lr=0.000873 seconds=1.65 best_epoch=29
2026-09-20 15:30:49,322 INFO model=proj2proj epoch=030/120 train_mse=0.0000205 val_mse=0.0000211 val_psnr_db=32.4907 lr=0.000864 seconds=1.65 best_epoch=30
2026-09-20 15:30:50,986 INFO model=proj2proj epoch=031/120 train_mse=0.0000197 val_mse=0.0000212 val_psnr_db=32.7402 lr=0.000855 seconds=1.65 best_epoch=30
2026-09-20 15:30:52,659 INFO model=proj2proj epoch=032/120 train_mse=0.0000195 val_mse=0.0000208 val_psnr_db=32.9242 lr=0.000846 seconds=1.66 best_epoch=32
2026-09-20 15:30:54,329 INFO model=proj2proj epoch=033/120 train_mse=0.0000191 val_mse=0.0000197 val_psnr_db=32.9778 lr=0.000836 seconds=1.65 best_epoch=33
2026-09-20 15:30:55,999 INFO model=proj2proj epoch=034/120 train_mse=0.0000187 val_mse=0.0000195 val_psnr_db=33.1575 lr=0.000826 seconds=1.66 best_epoch=34
2026-09-20 15:30:57,674 INFO model=proj2proj epoch=035/120 train_mse=0.0000187 val_mse=0.0000192 val_psnr_db=33.3785 lr=0.000817 seconds=1.66 best_epoch=35
2026-09-20 15:30:59,344 INFO model=proj2proj epoch=036/120 train_mse=0.0000184 val_mse=0.0000189 val_psnr_db=33.2346 lr=0.000806 seconds=1.66 best_epoch=36
2026-09-20 15:31:01,014 INFO model=proj2proj epoch=037/120 train_mse=0.0000185 val_mse=0.0000188 val_psnr_db=33.5716 lr=0.000796 seconds=1.66 best_epoch=37
2026-09-20 15:31:02,687 INFO model=proj2proj epoch=038/120 train_mse=0.0000182 val_mse=0.0000186 val_psnr_db=33.6782 lr=0.000785 seconds=1.66 best_epoch=38
2026-09-20 15:31:04,358 INFO model=proj2proj epoch=039/120 train_mse=0.0000178 val_mse=0.0000184 val_psnr_db=33.7414 lr=0.000775 seconds=1.66 best_epoch=39
2026-09-20 15:31:06,025 INFO model=proj2proj epoch=040/120 train_mse=0.0000179 val_mse=0.0000189 val_psnr_db=34.2115 lr=0.000764 seconds=1.66 best_epoch=39
2026-09-20 15:31:07,700 INFO model=proj2proj epoch=041/120 train_mse=0.0000177 val_mse=0.0000184 val_psnr_db=34.0805 lr=0.000752 seconds=1.66 best_epoch=41
2026-09-20 15:31:09,371 INFO model=proj2proj epoch=042/120 train_mse=0.0000175 val_mse=0.0000181 val_psnr_db=34.1493 lr=0.000741 seconds=1.66 best_epoch=42
2026-09-20 15:31:11,043 INFO model=proj2proj epoch=043/120 train_mse=0.0000173 val_mse=0.0000180 val_psnr_db=34.4227 lr=0.00073 seconds=1.66 best_epoch=43
2026-09-20 15:31:12,716 INFO model=proj2proj epoch=044/120 train_mse=0.0000173 val_mse=0.0000180 val_psnr_db=34.6821 lr=0.000718 seconds=1.66 best_epoch=44
2026-09-20 15:31:14,390 INFO model=proj2proj epoch=045/120 train_mse=0.0000171 val_mse=0.0000175 val_psnr_db=34.6889 lr=0.000706 seconds=1.66 best_epoch=45
2026-09-20 15:31:16,057 INFO model=proj2proj epoch=046/120 train_mse=0.0000176 val_mse=0.0000183 val_psnr_db=34.6132 lr=0.000694 seconds=1.65 best_epoch=45
2026-09-20 15:31:17,717 INFO model=proj2proj epoch=047/120 train_mse=0.0000173 val_mse=0.0000176 val_psnr_db=34.7587 lr=0.000682 seconds=1.65 best_epoch=45
2026-09-20 15:31:19,368 INFO model=proj2proj epoch=048/120 train_mse=0.0000169 val_mse=0.0000174 val_psnr_db=35.0231 lr=0.00067 seconds=1.63 best_epoch=48
2026-09-20 15:31:21,016 INFO model=proj2proj epoch=049/120 train_mse=0.0000168 val_mse=0.0000174 val_psnr_db=34.9915 lr=0.000658 seconds=1.63 best_epoch=49
2026-09-20 15:31:22,685 INFO model=proj2proj epoch=050/120 train_mse=0.0000167 val_mse=0.0000172 val_psnr_db=35.2810 lr=0.000646 seconds=1.65 best_epoch=50
2026-09-20 15:31:24,355 INFO model=proj2proj epoch=051/120 train_mse=0.0000166 val_mse=0.0000171 val_psnr_db=35.3684 lr=0.000633 seconds=1.65 best_epoch=51
2026-09-20 15:31:26,019 INFO model=proj2proj epoch=052/120 train_mse=0.0000167 val_mse=0.0000172 val_psnr_db=35.2836 lr=0.000621 seconds=1.65 best_epoch=51
2026-09-20 15:31:27,678 INFO model=proj2proj epoch=053/120 train_mse=0.0000167 val_mse=0.0000170 val_psnr_db=35.3790 lr=0.000608 seconds=1.64 best_epoch=53
2026-09-20 15:31:29,345 INFO model=proj2proj epoch=054/120 train_mse=0.0000165 val_mse=0.0000170 val_psnr_db=35.5419 lr=0.000595 seconds=1.65 best_epoch=54
2026-09-20 15:31:31,015 INFO model=proj2proj epoch=055/120 train_mse=0.0000165 val_mse=0.0000169 val_psnr_db=35.7418 lr=0.000582 seconds=1.65 best_epoch=55
2026-09-20 15:31:32,680 INFO model=proj2proj epoch=056/120 train_mse=0.0000164 val_mse=0.0000169 val_psnr_db=35.7753 lr=0.00057 seconds=1.65 best_epoch=56
2026-09-20 15:31:34,346 INFO model=proj2proj epoch=057/120 train_mse=0.0000164 val_mse=0.0000168 val_psnr_db=35.7734 lr=0.000557 seconds=1.65 best_epoch=57
2026-09-20 15:31:36,007 INFO model=proj2proj epoch=058/120 train_mse=0.0000165 val_mse=0.0000172 val_psnr_db=35.7816 lr=0.000544 seconds=1.65 best_epoch=57
2026-09-20 15:31:37,669 INFO model=proj2proj epoch=059/120 train_mse=0.0000165 val_mse=0.0000168 val_psnr_db=35.9539 lr=0.000531 seconds=1.65 best_epoch=57
2026-09-20 15:31:39,331 INFO model=proj2proj epoch=060/120 train_mse=0.0000163 val_mse=0.0000169 val_psnr_db=35.8250 lr=0.000518 seconds=1.65 best_epoch=57
2026-09-20 15:31:40,996 INFO model=proj2proj epoch=061/120 train_mse=0.0000162 val_mse=0.0000167 val_psnr_db=36.0313 lr=0.000505 seconds=1.65 best_epoch=61
2026-09-20 15:31:42,662 INFO model=proj2proj epoch=062/120 train_mse=0.0000162 val_mse=0.0000166 val_psnr_db=35.9802 lr=0.000492 seconds=1.64 best_epoch=62
2026-09-20 15:31:44,327 INFO model=proj2proj epoch=063/120 train_mse=0.0000162 val_mse=0.0000165 val_psnr_db=36.0802 lr=0.000479 seconds=1.65 best_epoch=63
2026-09-20 15:31:45,994 INFO model=proj2proj epoch=064/120 train_mse=0.0000161 val_mse=0.0000165 val_psnr_db=36.1178 lr=0.000466 seconds=1.65 best_epoch=64
2026-09-20 15:31:47,656 INFO model=proj2proj epoch=065/120 train_mse=0.0000162 val_mse=0.0000167 val_psnr_db=36.1128 lr=0.000453 seconds=1.65 best_epoch=64
2026-09-20 15:31:49,322 INFO model=proj2proj epoch=066/120 train_mse=0.0000162 val_mse=0.0000166 val_psnr_db=36.3178 lr=0.00044 seconds=1.66 best_epoch=64
2026-09-20 15:31:50,994 INFO model=proj2proj epoch=067/120 train_mse=0.0000161 val_mse=0.0000165 val_psnr_db=36.2997 lr=0.000428 seconds=1.66 best_epoch=64
2026-09-20 15:31:52,664 INFO model=proj2proj epoch=068/120 train_mse=0.0000161 val_mse=0.0000165 val_psnr_db=36.2966 lr=0.000415 seconds=1.66 best_epoch=64
2026-09-20 15:31:54,343 INFO model=proj2proj epoch=069/120 train_mse=0.0000161 val_mse=0.0000164 val_psnr_db=36.3444 lr=0.000402 seconds=1.66 best_epoch=69
2026-09-20 15:31:56,012 INFO model=proj2proj epoch=070/120 train_mse=0.0000161 val_mse=0.0000164 val_psnr_db=36.4387 lr=0.000389 seconds=1.66 best_epoch=69
2026-09-20 15:31:57,683 INFO model=proj2proj epoch=071/120 train_mse=0.0000160 val_mse=0.0000164 val_psnr_db=36.4926 lr=0.000377 seconds=1.66 best_epoch=69
2026-09-20 15:31:59,361 INFO model=proj2proj epoch=072/120 train_mse=0.0000160 val_mse=0.0000164 val_psnr_db=36.3198 lr=0.000364 seconds=1.66 best_epoch=72
2026-09-20 15:32:01,037 INFO model=proj2proj epoch=073/120 train_mse=0.0000160 val_mse=0.0000163 val_psnr_db=36.4852 lr=0.000352 seconds=1.66 best_epoch=73
2026-09-20 15:32:02,707 INFO model=proj2proj epoch=074/120 train_mse=0.0000160 val_mse=0.0000164 val_psnr_db=36.6726 lr=0.00034 seconds=1.66 best_epoch=73
2026-09-20 15:32:04,378 INFO model=proj2proj epoch=075/120 train_mse=0.0000160 val_mse=0.0000165 val_psnr_db=36.6736 lr=0.000328 seconds=1.66 best_epoch=73
2026-09-20 15:32:06,054 INFO model=proj2proj epoch=076/120 train_mse=0.0000160 val_mse=0.0000163 val_psnr_db=36.5668 lr=0.000316 seconds=1.66 best_epoch=76
2026-09-20 15:32:07,734 INFO model=proj2proj epoch=077/120 train_mse=0.0000160 val_mse=0.0000163 val_psnr_db=36.6775 lr=0.000304 seconds=1.66 best_epoch=77
2026-09-20 15:32:09,404 INFO model=proj2proj epoch=078/120 train_mse=0.0000161 val_mse=0.0000163 val_psnr_db=36.7490 lr=0.000292 seconds=1.66 best_epoch=77
2026-09-20 15:32:11,077 INFO model=proj2proj epoch=079/120 train_mse=0.0000159 val_mse=0.0000163 val_psnr_db=36.6993 lr=0.00028 seconds=1.66 best_epoch=77
2026-09-20 15:32:12,756 INFO model=proj2proj epoch=080/120 train_mse=0.0000159 val_mse=0.0000162 val_psnr_db=36.6725 lr=0.000269 seconds=1.66 best_epoch=80
2026-09-20 15:32:14,428 INFO model=proj2proj epoch=081/120 train_mse=0.0000160 val_mse=0.0000162 val_psnr_db=36.7732 lr=0.000257 seconds=1.66 best_epoch=80
2026-09-20 15:32:16,104 INFO model=proj2proj epoch=082/120 train_mse=0.0000159 val_mse=0.0000162 val_psnr_db=36.8459 lr=0.000246 seconds=1.66 best_epoch=82
2026-09-20 15:32:17,774 INFO model=proj2proj epoch=083/120 train_mse=0.0000159 val_mse=0.0000162 val_psnr_db=36.8076 lr=0.000235 seconds=1.66 best_epoch=82
2026-09-20 15:32:19,453 INFO model=proj2proj epoch=084/120 train_mse=0.0000158 val_mse=0.0000162 val_psnr_db=36.7139 lr=0.000225 seconds=1.66 best_epoch=84
2026-09-20 15:32:21,128 INFO model=proj2proj epoch=085/120 train_mse=0.0000159 val_mse=0.0000162 val_psnr_db=36.8770 lr=0.000214 seconds=1.66 best_epoch=85
2026-09-20 15:32:22,797 INFO model=proj2proj epoch=086/120 train_mse=0.0000159 val_mse=0.0000162 val_psnr_db=36.8979 lr=0.000204 seconds=1.66 best_epoch=85
2026-09-20 15:32:24,470 INFO model=proj2proj epoch=087/120 train_mse=0.0000159 val_mse=0.0000162 val_psnr_db=36.9187 lr=0.000193 seconds=1.66 best_epoch=85
2026-09-20 15:32:26,142 INFO model=proj2proj epoch=088/120 train_mse=0.0000159 val_mse=0.0000162 val_psnr_db=36.9049 lr=0.000184 seconds=1.66 best_epoch=85
2026-09-20 15:32:27,814 INFO model=proj2proj epoch=089/120 train_mse=0.0000159 val_mse=0.0000162 val_psnr_db=36.9732 lr=0.000174 seconds=1.66 best_epoch=85
2026-09-20 15:32:29,490 INFO model=proj2proj epoch=090/120 train_mse=0.0000159 val_mse=0.0000162 val_psnr_db=36.9955 lr=0.000164 seconds=1.66 best_epoch=85
2026-09-20 15:32:31,165 INFO model=proj2proj epoch=091/120 train_mse=0.0000158 val_mse=0.0000161 val_psnr_db=36.9303 lr=0.000155 seconds=1.66 best_epoch=91
2026-09-20 15:32:32,836 INFO model=proj2proj epoch=092/120 train_mse=0.0000158 val_mse=0.0000162 val_psnr_db=36.9415 lr=0.000146 seconds=1.66 best_epoch=91
2026-09-20 15:32:34,510 INFO model=proj2proj epoch=093/120 train_mse=0.0000159 val_mse=0.0000161 val_psnr_db=36.9217 lr=0.000137 seconds=1.66 best_epoch=91
2026-09-20 15:32:36,180 INFO model=proj2proj epoch=094/120 train_mse=0.0000158 val_mse=0.0000161 val_psnr_db=36.9941 lr=0.000129 seconds=1.66 best_epoch=91
2026-09-20 15:32:37,853 INFO model=proj2proj epoch=095/120 train_mse=0.0000158 val_mse=0.0000161 val_psnr_db=36.9589 lr=0.00012 seconds=1.66 best_epoch=95
2026-09-20 15:32:39,524 INFO model=proj2proj epoch=096/120 train_mse=0.0000158 val_mse=0.0000161 val_psnr_db=36.9969 lr=0.000112 seconds=1.66 best_epoch=95
2026-09-20 15:32:41,200 INFO model=proj2proj epoch=097/120 train_mse=0.0000158 val_mse=0.0000161 val_psnr_db=37.0041 lr=0.000105 seconds=1.66 best_epoch=97
2026-09-20 15:32:42,868 INFO model=proj2proj epoch=098/120 train_mse=0.0000158 val_mse=0.0000162 val_psnr_db=37.0428 lr=9.71e-05 seconds=1.66 best_epoch=97
2026-09-20 15:32:44,537 INFO model=proj2proj epoch=099/120 train_mse=0.0000158 val_mse=0.0000161 val_psnr_db=36.9988 lr=8.99e-05 seconds=1.66 best_epoch=97
2026-09-20 15:32:46,207 INFO model=proj2proj epoch=100/120 train_mse=0.0000158 val_mse=0.0000161 val_psnr_db=37.0409 lr=8.29e-05 seconds=1.66 best_epoch=97
2026-09-20 15:32:47,869 INFO model=proj2proj epoch=101/120 train_mse=0.0000157 val_mse=0.0000161 val_psnr_db=37.0370 lr=7.63e-05 seconds=1.65 best_epoch=101
2026-09-20 15:32:49,517 INFO model=proj2proj epoch=102/120 train_mse=0.0000158 val_mse=0.0000161 val_psnr_db=37.0452 lr=7e-05 seconds=1.63 best_epoch=102
2026-09-20 15:32:51,165 INFO model=proj2proj epoch=103/120 train_mse=0.0000157 val_mse=0.0000161 val_psnr_db=37.0568 lr=6.4e-05 seconds=1.63 best_epoch=103
2026-09-20 15:32:52,813 INFO model=proj2proj epoch=104/120 train_mse=0.0000158 val_mse=0.0000161 val_psnr_db=37.0663 lr=5.82e-05 seconds=1.63 best_epoch=104
2026-09-20 15:32:54,460 INFO model=proj2proj epoch=105/120 train_mse=0.0000158 val_mse=0.0000161 val_psnr_db=37.0500 lr=5.28e-05 seconds=1.63 best_epoch=105
2026-09-20 15:32:56,128 INFO model=proj2proj epoch=106/120 train_mse=0.0000156 val_mse=0.0000161 val_psnr_db=37.0821 lr=4.77e-05 seconds=1.65 best_epoch=106
2026-09-20 15:32:57,792 INFO model=proj2proj epoch=107/120 train_mse=0.0000158 val_mse=0.0000161 val_psnr_db=37.0963 lr=4.29e-05 seconds=1.65 best_epoch=106
2026-09-20 15:32:59,455 INFO model=proj2proj epoch=108/120 train_mse=0.0000157 val_mse=0.0000161 val_psnr_db=37.0796 lr=3.84e-05 seconds=1.65 best_epoch=106
2026-09-20 15:33:01,123 INFO model=proj2proj epoch=109/120 train_mse=0.0000157 val_mse=0.0000161 val_psnr_db=37.1012 lr=3.42e-05 seconds=1.65 best_epoch=109
2026-09-20 15:33:02,790 INFO model=proj2proj epoch=110/120 train_mse=0.0000158 val_mse=0.0000161 val_psnr_db=37.1010 lr=3.04e-05 seconds=1.65 best_epoch=110
2026-09-20 15:33:04,453 INFO model=proj2proj epoch=111/120 train_mse=0.0000158 val_mse=0.0000161 val_psnr_db=37.1078 lr=2.69e-05 seconds=1.65 best_epoch=110
2026-09-20 15:33:06,117 INFO model=proj2proj epoch=112/120 train_mse=0.0000158 val_mse=0.0000161 val_psnr_db=37.1156 lr=2.37e-05 seconds=1.65 best_epoch=110
2026-09-20 15:33:07,780 INFO model=proj2proj epoch=113/120 train_mse=0.0000157 val_mse=0.0000161 val_psnr_db=37.1107 lr=2.08e-05 seconds=1.65 best_epoch=110
2026-09-20 15:33:09,447 INFO model=proj2proj epoch=114/120 train_mse=0.0000157 val_mse=0.0000161 val_psnr_db=37.1124 lr=1.83e-05 seconds=1.65 best_epoch=114
2026-09-20 15:33:11,111 INFO model=proj2proj epoch=115/120 train_mse=0.0000157 val_mse=0.0000161 val_psnr_db=37.1106 lr=1.61e-05 seconds=1.65 best_epoch=114
2026-09-20 15:33:12,778 INFO model=proj2proj epoch=116/120 train_mse=0.0000157 val_mse=0.0000161 val_psnr_db=37.1106 lr=1.42e-05 seconds=1.65 best_epoch=116
2026-09-20 15:33:14,444 INFO model=proj2proj epoch=117/120 train_mse=0.0000157 val_mse=0.0000160 val_psnr_db=37.1127 lr=1.27e-05 seconds=1.64 best_epoch=117
2026-09-20 15:33:16,107 INFO model=proj2proj epoch=118/120 train_mse=0.0000157 val_mse=0.0000160 val_psnr_db=37.1091 lr=1.15e-05 seconds=1.65 best_epoch=117
2026-09-20 15:33:17,770 INFO model=proj2proj epoch=119/120 train_mse=0.0000158 val_mse=0.0000161 val_psnr_db=37.1238 lr=1.07e-05 seconds=1.65 best_epoch=117
2026-09-20 15:33:19,433 INFO model=proj2proj epoch=120/120 train_mse=0.0000157 val_mse=0.0000161 val_psnr_db=37.1336 lr=1.02e-05 seconds=1.65 best_epoch=117
2026-09-20 15:33:19,454 INFO model=proj2proj training_complete seconds=200.22 best_epoch=117 peak_memory_bytes=1411253760
2026-09-20 15:33:20,725 INFO classical sart_subsets=90 sirt_iterations=300 sart_sweeps=20 red_iterations=100
2026-09-20 15:33:25,618 INFO classical method=sirt setting=default best_val_iterations=119 val_psnr_db=32.1367
2026-09-20 15:33:27,469 INFO classical method=sirt selected iterations=119 setting=default val_psnr_db=32.1367 seconds=6.74
2026-09-20 15:33:31,424 INFO classical method=bm3d setting=0.01 best_val_stages=1 val_psnr_db=23.2747
2026-09-20 15:33:35,331 INFO classical method=bm3d setting=0.02 best_val_stages=1 val_psnr_db=23.6589
2026-09-20 15:33:39,239 INFO classical method=bm3d setting=0.05 best_val_stages=1 val_psnr_db=28.4072
2026-09-20 15:33:43,139 INFO classical method=bm3d setting=0.1 best_val_stages=1 val_psnr_db=34.7589
2026-09-20 15:33:47,037 INFO classical method=bm3d setting=0.2 best_val_stages=1 val_psnr_db=35.9789
2026-09-20 15:33:50,936 INFO classical method=bm3d selected stages=1 setting=0.2 val_psnr_db=35.9789 seconds=23.47
2026-09-20 15:33:59,788 INFO classical method=sart setting=1 best_val_subset updates=116 val_psnr_db=31.9838
2026-09-20 15:34:08,545 INFO classical method=sart setting=0.3 best_val_subset updates=365 val_psnr_db=32.3217
2026-09-20 15:34:17,297 INFO classical method=sart setting=0.1 best_val_subset updates=1163 val_psnr_db=32.2457
2026-09-20 15:34:26,037 INFO classical method=sart setting=0.03 best_val_subset updates=1800 val_psnr_db=30.8886
2026-09-20 15:34:27,511 INFO classical method=sart selected subset updates=365 setting=0.3 val_psnr_db=32.3217 seconds=36.58
2026-09-20 15:34:34,951 INFO classical method=red setting=0.1 best_val_iterations=31 val_psnr_db=38.5027
2026-09-20 15:34:42,393 INFO classical method=red setting=0.3 best_val_iterations=11 val_psnr_db=38.2229
2026-09-20 15:34:49,847 INFO classical method=red setting=1 best_val_iterations=5 val_psnr_db=38.4913
2026-09-20 15:34:57,303 INFO classical method=red setting=3 best_val_iterations=3 val_psnr_db=39.0702
2026-09-20 15:35:04,760 INFO classical method=red setting=10 best_val_iterations=2 val_psnr_db=39.6176
2026-09-20 15:35:04,917 INFO classical method=red selected iterations=2 setting=10 val_psnr_db=39.6176 seconds=37.41
2026-09-20 15:35:05,118 INFO TEST method=fbp mean_psnr_db=23.0770 roi_psnr_db=22.0094 window_psnr_db=n/a std_psnr_db=0.4293 mse=0.0049483 seconds=0.03
2026-09-20 15:35:05,118 INFO TEST method=sirt mean_psnr_db=33.6396 roi_psnr_db=32.5720 window_psnr_db=n/a std_psnr_db=1.0546 mse=0.0004456 seconds=6.74
2026-09-20 15:35:05,119 INFO TEST method=sart mean_psnr_db=33.8173 roi_psnr_db=32.7497 window_psnr_db=n/a std_psnr_db=1.0675 mse=0.0004281 seconds=36.58
2026-09-20 15:35:05,119 INFO TEST method=bm3d mean_psnr_db=37.7706 roi_psnr_db=36.7030 window_psnr_db=n/a std_psnr_db=1.6968 mse=0.0001800 seconds=23.47
2026-09-20 15:35:05,119 INFO TEST method=fbp-unet mean_psnr_db=41.2679 roi_psnr_db=40.2003 window_psnr_db=n/a std_psnr_db=1.4465 mse=0.0000791 seconds=113.96
2026-09-20 15:35:05,119 INFO TEST method=red mean_psnr_db=40.9068 roi_psnr_db=39.8392 window_psnr_db=n/a std_psnr_db=1.3141 mse=0.0000851 seconds=37.41
2026-09-20 15:35:05,119 INFO TEST method=iradonmap mean_psnr_db=33.8052 roi_psnr_db=32.7376 window_psnr_db=n/a std_psnr_db=1.3463 mse=0.0004381 seconds=384.21
2026-09-20 15:35:05,119 INFO TEST method=noise2inverse mean_psnr_db=33.1601 roi_psnr_db=32.0925 window_psnr_db=n/a std_psnr_db=0.9577 mse=0.0004956 seconds=223.54
2026-09-20 15:35:05,119 INFO TEST method=proj2proj mean_psnr_db=37.6447 roi_psnr_db=36.5771 window_psnr_db=n/a std_psnr_db=1.2638 mse=0.0001797 seconds=200.22
2026-09-20 15:35:05,119 INFO TEST method=lpd mean_psnr_db=35.0402 roi_psnr_db=33.9726 window_psnr_db=n/a std_psnr_db=1.6867 mse=0.0003392 seconds=950.84
2026-09-20 15:35:05,171 INFO TEST reference=noiseless-fbp mean_psnr_db=30.6934 roi_psnr_db=29.6258 window_psnr_db=n/a
2026-09-20 15:35:12,397 INFO complete outputs=/home/ozan/torchtomo/examples/ellipses/results-512-fan-leap
