2026-09-19 13:43:26,553 INFO run device=cuda torch=2.4.0+cu121 geometry=fan image_size=512 angles=90 seed=2026
2026-09-19 13:43:52,646 INFO clean train FBP psnr_db=30.3774 roi_psnr_db=29.3098 window_psnr_db=n/a
2026-09-19 13:43:54,831 INFO calibration photons=10.000 train_fbp_psnr_db=-16.2276
2026-09-19 13:43:56,910 INFO calibration photons=100000000.000 train_fbp_psnr_db=30.3611
2026-09-19 13:43:59,057 INFO calibration photons=31622.777 train_fbp_psnr_db=19.4616
2026-09-19 13:44:01,103 INFO calibration photons=1778279.410 train_fbp_psnr_db=29.5469
2026-09-19 13:44:03,147 INFO calibration photons=237137.371 train_fbp_psnr_db=26.3254
2026-09-19 13:44:05,249 INFO calibration photons=86596.432 train_fbp_psnr_db=23.2384
2026-09-19 13:44:07,398 INFO calibration photons=52329.911 train_fbp_psnr_db=21.4181
2026-09-19 13:44:09,453 INFO calibration photons=67317.038 train_fbp_psnr_db=22.3491
2026-09-19 13:44:11,502 INFO calibration photons=76350.608 train_fbp_psnr_db=22.7999
2026-09-19 13:44:13,617 INFO calibration photons=81312.301 train_fbp_psnr_db=23.0191
2026-09-19 13:44:17,366 INFO dataset generated ellipses size=100 split=60/20/20 photons=81312.301 zero_count_fraction=0.00000000
2026-09-19 13:44:17,423 INFO baseline split=train fbp_psnr_db=23.0190 fbp_window_psnr_db=n/a
2026-09-19 13:44:17,429 INFO baseline split=val fbp_psnr_db=22.9136 fbp_window_psnr_db=n/a
2026-09-19 13:44:28,330 INFO operator_norm=0.78507018
2026-09-19 13:44:29,902 INFO model=fbp-unet parameters=118305 epochs=120 lr=0.001 device=cuda supervised=True selected_on=image MSE against the clean image
2026-09-19 13:44:30,156 INFO model=fbp-unet initial_gradient_norm=0.0061485078
2026-09-19 13:44:31,035 INFO model=fbp-unet epoch=001/120 train_mse=0.0050093 val_mse=0.0051298 val_psnr_db=22.9640 lr=0.001 seconds=1.13 best_epoch=1
2026-09-19 13:44:31,948 INFO model=fbp-unet epoch=002/120 train_mse=0.0047892 val_mse=0.0045740 val_psnr_db=23.4613 lr=0.001 seconds=0.90 best_epoch=2
2026-09-19 13:44:32,862 INFO model=fbp-unet epoch=003/120 train_mse=0.0036977 val_mse=0.0026786 val_psnr_db=25.8018 lr=0.000999 seconds=0.89 best_epoch=3
2026-09-19 13:44:33,775 INFO model=fbp-unet epoch=004/120 train_mse=0.0018783 val_mse=0.0012944 val_psnr_db=29.0146 lr=0.000998 seconds=0.89 best_epoch=4
2026-09-19 13:44:34,690 INFO model=fbp-unet epoch=005/120 train_mse=0.0009567 val_mse=0.0007729 val_psnr_db=31.3980 lr=0.000997 seconds=0.89 best_epoch=5
2026-09-19 13:44:35,605 INFO model=fbp-unet epoch=006/120 train_mse=0.0006611 val_mse=0.0006457 val_psnr_db=32.1849 lr=0.000996 seconds=0.90 best_epoch=6
2026-09-19 13:44:36,520 INFO model=fbp-unet epoch=007/120 train_mse=0.0005421 val_mse=0.0005330 val_psnr_db=33.0335 lr=0.000994 seconds=0.89 best_epoch=7
2026-09-19 13:44:37,431 INFO model=fbp-unet epoch=008/120 train_mse=0.0004519 val_mse=0.0005611 val_psnr_db=32.7302 lr=0.000992 seconds=0.89 best_epoch=7
2026-09-19 13:44:38,354 INFO model=fbp-unet epoch=009/120 train_mse=0.0004368 val_mse=0.0004296 val_psnr_db=33.9446 lr=0.000989 seconds=0.91 best_epoch=9
2026-09-19 13:44:39,270 INFO model=fbp-unet epoch=010/120 train_mse=0.0003626 val_mse=0.0003691 val_psnr_db=34.6704 lr=0.000986 seconds=0.89 best_epoch=10
2026-09-19 13:44:40,190 INFO model=fbp-unet epoch=011/120 train_mse=0.0003311 val_mse=0.0003392 val_psnr_db=35.0011 lr=0.000983 seconds=0.90 best_epoch=11
2026-09-19 13:44:41,106 INFO model=fbp-unet epoch=012/120 train_mse=0.0003133 val_mse=0.0003208 val_psnr_db=35.4228 lr=0.00098 seconds=0.90 best_epoch=12
2026-09-19 13:44:42,023 INFO model=fbp-unet epoch=013/120 train_mse=0.0002852 val_mse=0.0002987 val_psnr_db=35.6327 lr=0.000976 seconds=0.89 best_epoch=13
2026-09-19 13:44:42,939 INFO model=fbp-unet epoch=014/120 train_mse=0.0002628 val_mse=0.0002751 val_psnr_db=36.0353 lr=0.000972 seconds=0.90 best_epoch=14
2026-09-19 13:44:43,855 INFO model=fbp-unet epoch=015/120 train_mse=0.0002413 val_mse=0.0002508 val_psnr_db=36.4644 lr=0.000967 seconds=0.89 best_epoch=15
2026-09-19 13:44:44,772 INFO model=fbp-unet epoch=016/120 train_mse=0.0002216 val_mse=0.0002477 val_psnr_db=36.4269 lr=0.000962 seconds=0.90 best_epoch=16
2026-09-19 13:44:45,684 INFO model=fbp-unet epoch=017/120 train_mse=0.0002318 val_mse=0.0002673 val_psnr_db=36.0550 lr=0.000957 seconds=0.90 best_epoch=16
2026-09-19 13:44:46,603 INFO model=fbp-unet epoch=018/120 train_mse=0.0002191 val_mse=0.0002229 val_psnr_db=36.9311 lr=0.000952 seconds=0.90 best_epoch=18
2026-09-19 13:44:47,522 INFO model=fbp-unet epoch=019/120 train_mse=0.0002004 val_mse=0.0002116 val_psnr_db=37.2001 lr=0.000946 seconds=0.90 best_epoch=19
2026-09-19 13:44:48,434 INFO model=fbp-unet epoch=020/120 train_mse=0.0001895 val_mse=0.0002297 val_psnr_db=36.7641 lr=0.00094 seconds=0.89 best_epoch=19
2026-09-19 13:44:49,378 INFO model=fbp-unet epoch=021/120 train_mse=0.0001880 val_mse=0.0001989 val_psnr_db=37.4222 lr=0.000934 seconds=0.91 best_epoch=21
2026-09-19 13:44:50,295 INFO model=fbp-unet epoch=022/120 train_mse=0.0001752 val_mse=0.0001867 val_psnr_db=37.6837 lr=0.000927 seconds=0.90 best_epoch=22
2026-09-19 13:44:51,213 INFO model=fbp-unet epoch=023/120 train_mse=0.0001683 val_mse=0.0001801 val_psnr_db=37.8973 lr=0.00092 seconds=0.91 best_epoch=23
2026-09-19 13:44:52,126 INFO model=fbp-unet epoch=024/120 train_mse=0.0001880 val_mse=0.0003169 val_psnr_db=35.2684 lr=0.000913 seconds=0.90 best_epoch=23
2026-09-19 13:44:53,043 INFO model=fbp-unet epoch=025/120 train_mse=0.0002296 val_mse=0.0002253 val_psnr_db=36.8621 lr=0.000905 seconds=0.91 best_epoch=23
2026-09-19 13:44:53,958 INFO model=fbp-unet epoch=026/120 train_mse=0.0001779 val_mse=0.0001850 val_psnr_db=37.6747 lr=0.000898 seconds=0.91 best_epoch=23
2026-09-19 13:44:54,880 INFO model=fbp-unet epoch=027/120 train_mse=0.0001656 val_mse=0.0001718 val_psnr_db=38.0940 lr=0.00089 seconds=0.91 best_epoch=27
2026-09-19 13:44:55,799 INFO model=fbp-unet epoch=028/120 train_mse=0.0001534 val_mse=0.0001622 val_psnr_db=38.3295 lr=0.000881 seconds=0.90 best_epoch=28
2026-09-19 13:44:56,721 INFO model=fbp-unet epoch=029/120 train_mse=0.0001494 val_mse=0.0001615 val_psnr_db=38.2926 lr=0.000873 seconds=0.90 best_epoch=29
2026-09-19 13:44:57,634 INFO model=fbp-unet epoch=030/120 train_mse=0.0001509 val_mse=0.0001652 val_psnr_db=38.1910 lr=0.000864 seconds=0.90 best_epoch=29
2026-09-19 13:44:58,556 INFO model=fbp-unet epoch=031/120 train_mse=0.0001422 val_mse=0.0001530 val_psnr_db=38.5664 lr=0.000855 seconds=0.91 best_epoch=31
2026-09-19 13:44:59,479 INFO model=fbp-unet epoch=032/120 train_mse=0.0001365 val_mse=0.0001498 val_psnr_db=38.7295 lr=0.000846 seconds=0.90 best_epoch=32
2026-09-19 13:45:00,399 INFO model=fbp-unet epoch=033/120 train_mse=0.0001341 val_mse=0.0001483 val_psnr_db=38.7525 lr=0.000836 seconds=0.90 best_epoch=33
2026-09-19 13:45:01,316 INFO model=fbp-unet epoch=034/120 train_mse=0.0001352 val_mse=0.0001443 val_psnr_db=38.8685 lr=0.000826 seconds=0.90 best_epoch=34
2026-09-19 13:45:02,234 INFO model=fbp-unet epoch=035/120 train_mse=0.0001335 val_mse=0.0001419 val_psnr_db=38.8939 lr=0.000817 seconds=0.90 best_epoch=35
2026-09-19 13:45:03,151 INFO model=fbp-unet epoch=036/120 train_mse=0.0001312 val_mse=0.0001491 val_psnr_db=38.6090 lr=0.000806 seconds=0.90 best_epoch=35
2026-09-19 13:45:04,074 INFO model=fbp-unet epoch=037/120 train_mse=0.0001306 val_mse=0.0001416 val_psnr_db=38.8817 lr=0.000796 seconds=0.91 best_epoch=37
2026-09-19 13:45:04,995 INFO model=fbp-unet epoch=038/120 train_mse=0.0001260 val_mse=0.0001324 val_psnr_db=39.1775 lr=0.000785 seconds=0.90 best_epoch=38
2026-09-19 13:45:05,917 INFO model=fbp-unet epoch=039/120 train_mse=0.0001238 val_mse=0.0001313 val_psnr_db=39.2282 lr=0.000775 seconds=0.91 best_epoch=39
2026-09-19 13:45:06,833 INFO model=fbp-unet epoch=040/120 train_mse=0.0001345 val_mse=0.0001483 val_psnr_db=38.7521 lr=0.000764 seconds=0.90 best_epoch=39
2026-09-19 13:45:07,752 INFO model=fbp-unet epoch=041/120 train_mse=0.0001287 val_mse=0.0001343 val_psnr_db=39.2369 lr=0.000752 seconds=0.91 best_epoch=39
2026-09-19 13:45:08,676 INFO model=fbp-unet epoch=042/120 train_mse=0.0001222 val_mse=0.0001291 val_psnr_db=39.3061 lr=0.000741 seconds=0.91 best_epoch=42
2026-09-19 13:45:09,601 INFO model=fbp-unet epoch=043/120 train_mse=0.0001187 val_mse=0.0001276 val_psnr_db=39.3695 lr=0.00073 seconds=0.90 best_epoch=43
2026-09-19 13:45:10,522 INFO model=fbp-unet epoch=044/120 train_mse=0.0001160 val_mse=0.0001253 val_psnr_db=39.4797 lr=0.000718 seconds=0.90 best_epoch=44
2026-09-19 13:45:11,447 INFO model=fbp-unet epoch=045/120 train_mse=0.0001111 val_mse=0.0001202 val_psnr_db=39.6162 lr=0.000706 seconds=0.90 best_epoch=45
2026-09-19 13:45:12,363 INFO model=fbp-unet epoch=046/120 train_mse=0.0001099 val_mse=0.0001240 val_psnr_db=39.4837 lr=0.000694 seconds=0.90 best_epoch=45
2026-09-19 13:45:13,286 INFO model=fbp-unet epoch=047/120 train_mse=0.0001089 val_mse=0.0001190 val_psnr_db=39.6591 lr=0.000682 seconds=0.91 best_epoch=47
2026-09-19 13:45:14,203 INFO model=fbp-unet epoch=048/120 train_mse=0.0001068 val_mse=0.0001195 val_psnr_db=39.7056 lr=0.00067 seconds=0.90 best_epoch=47
2026-09-19 13:45:15,128 INFO model=fbp-unet epoch=049/120 train_mse=0.0001074 val_mse=0.0001160 val_psnr_db=39.7841 lr=0.000658 seconds=0.91 best_epoch=49
2026-09-19 13:45:16,048 INFO model=fbp-unet epoch=050/120 train_mse=0.0001058 val_mse=0.0001234 val_psnr_db=39.5010 lr=0.000646 seconds=0.91 best_epoch=49
2026-09-19 13:45:16,973 INFO model=fbp-unet epoch=051/120 train_mse=0.0001042 val_mse=0.0001139 val_psnr_db=39.8782 lr=0.000633 seconds=0.91 best_epoch=51
2026-09-19 13:45:17,888 INFO model=fbp-unet epoch=052/120 train_mse=0.0001083 val_mse=0.0001308 val_psnr_db=39.2433 lr=0.000621 seconds=0.90 best_epoch=51
2026-09-19 13:45:18,808 INFO model=fbp-unet epoch=053/120 train_mse=0.0001147 val_mse=0.0001248 val_psnr_db=39.3674 lr=0.000608 seconds=0.91 best_epoch=51
2026-09-19 13:45:19,730 INFO model=fbp-unet epoch=054/120 train_mse=0.0001072 val_mse=0.0001122 val_psnr_db=39.9497 lr=0.000595 seconds=0.91 best_epoch=54
2026-09-19 13:45:20,645 INFO model=fbp-unet epoch=055/120 train_mse=0.0001026 val_mse=0.0001192 val_psnr_db=39.7004 lr=0.000582 seconds=0.90 best_epoch=54
2026-09-19 13:45:21,568 INFO model=fbp-unet epoch=056/120 train_mse=0.0001021 val_mse=0.0001099 val_psnr_db=40.0440 lr=0.00057 seconds=0.91 best_epoch=56
2026-09-19 13:45:22,493 INFO model=fbp-unet epoch=057/120 train_mse=0.0000996 val_mse=0.0001077 val_psnr_db=40.0872 lr=0.000557 seconds=0.90 best_epoch=57
2026-09-19 13:45:23,411 INFO model=fbp-unet epoch=058/120 train_mse=0.0000990 val_mse=0.0001130 val_psnr_db=39.9196 lr=0.000544 seconds=0.90 best_epoch=57
2026-09-19 13:45:24,331 INFO model=fbp-unet epoch=059/120 train_mse=0.0001000 val_mse=0.0001122 val_psnr_db=39.9253 lr=0.000531 seconds=0.91 best_epoch=57
2026-09-19 13:45:25,252 INFO model=fbp-unet epoch=060/120 train_mse=0.0000980 val_mse=0.0001077 val_psnr_db=40.1438 lr=0.000518 seconds=0.91 best_epoch=57
2026-09-19 13:45:26,180 INFO model=fbp-unet epoch=061/120 train_mse=0.0000960 val_mse=0.0001063 val_psnr_db=40.1654 lr=0.000505 seconds=0.91 best_epoch=61
2026-09-19 13:45:27,100 INFO model=fbp-unet epoch=062/120 train_mse=0.0000965 val_mse=0.0001078 val_psnr_db=40.0751 lr=0.000492 seconds=0.90 best_epoch=61
2026-09-19 13:45:28,027 INFO model=fbp-unet epoch=063/120 train_mse=0.0000957 val_mse=0.0001042 val_psnr_db=40.2482 lr=0.000479 seconds=0.91 best_epoch=63
2026-09-19 13:45:28,953 INFO model=fbp-unet epoch=064/120 train_mse=0.0000939 val_mse=0.0001029 val_psnr_db=40.2872 lr=0.000466 seconds=0.90 best_epoch=64
2026-09-19 13:45:29,873 INFO model=fbp-unet epoch=065/120 train_mse=0.0000949 val_mse=0.0001053 val_psnr_db=40.1894 lr=0.000453 seconds=0.90 best_epoch=64
2026-09-19 13:45:30,793 INFO model=fbp-unet epoch=066/120 train_mse=0.0000928 val_mse=0.0001035 val_psnr_db=40.3206 lr=0.00044 seconds=0.91 best_epoch=64
2026-09-19 13:45:31,713 INFO model=fbp-unet epoch=067/120 train_mse=0.0000934 val_mse=0.0001135 val_psnr_db=39.7963 lr=0.000428 seconds=0.91 best_epoch=64
2026-09-19 13:45:32,636 INFO model=fbp-unet epoch=068/120 train_mse=0.0000982 val_mse=0.0001118 val_psnr_db=39.9059 lr=0.000415 seconds=0.91 best_epoch=64
2026-09-19 13:45:33,559 INFO model=fbp-unet epoch=069/120 train_mse=0.0000943 val_mse=0.0001111 val_psnr_db=39.8970 lr=0.000402 seconds=0.91 best_epoch=64
2026-09-19 13:45:34,483 INFO model=fbp-unet epoch=070/120 train_mse=0.0000940 val_mse=0.0001015 val_psnr_db=40.3573 lr=0.000389 seconds=0.91 best_epoch=70
2026-09-19 13:45:35,409 INFO model=fbp-unet epoch=071/120 train_mse=0.0000896 val_mse=0.0000988 val_psnr_db=40.4739 lr=0.000377 seconds=0.90 best_epoch=71
2026-09-19 13:45:36,330 INFO model=fbp-unet epoch=072/120 train_mse=0.0000889 val_mse=0.0001000 val_psnr_db=40.4637 lr=0.000364 seconds=0.90 best_epoch=71
2026-09-19 13:45:37,252 INFO model=fbp-unet epoch=073/120 train_mse=0.0000892 val_mse=0.0000994 val_psnr_db=40.4569 lr=0.000352 seconds=0.91 best_epoch=71
2026-09-19 13:45:38,180 INFO model=fbp-unet epoch=074/120 train_mse=0.0000887 val_mse=0.0000981 val_psnr_db=40.5297 lr=0.00034 seconds=0.91 best_epoch=74
2026-09-19 13:45:39,104 INFO model=fbp-unet epoch=075/120 train_mse=0.0000875 val_mse=0.0000968 val_psnr_db=40.5575 lr=0.000328 seconds=0.90 best_epoch=75
2026-09-19 13:45:40,027 INFO model=fbp-unet epoch=076/120 train_mse=0.0000878 val_mse=0.0000984 val_psnr_db=40.4757 lr=0.000316 seconds=0.91 best_epoch=75
2026-09-19 13:45:40,950 INFO model=fbp-unet epoch=077/120 train_mse=0.0000877 val_mse=0.0000975 val_psnr_db=40.5623 lr=0.000304 seconds=0.91 best_epoch=75
2026-09-19 13:45:41,878 INFO model=fbp-unet epoch=078/120 train_mse=0.0000868 val_mse=0.0000960 val_psnr_db=40.6094 lr=0.000292 seconds=0.91 best_epoch=78
2026-09-19 13:45:42,800 INFO model=fbp-unet epoch=079/120 train_mse=0.0000872 val_mse=0.0000956 val_psnr_db=40.6055 lr=0.00028 seconds=0.90 best_epoch=79
2026-09-19 13:45:43,722 INFO model=fbp-unet epoch=080/120 train_mse=0.0000868 val_mse=0.0000962 val_psnr_db=40.6001 lr=0.000269 seconds=0.91 best_epoch=79
2026-09-19 13:45:44,650 INFO model=fbp-unet epoch=081/120 train_mse=0.0000856 val_mse=0.0000950 val_psnr_db=40.6466 lr=0.000257 seconds=0.91 best_epoch=81
2026-09-19 13:45:45,571 INFO model=fbp-unet epoch=082/120 train_mse=0.0000854 val_mse=0.0000950 val_psnr_db=40.6425 lr=0.000246 seconds=0.90 best_epoch=81
2026-09-19 13:45:46,493 INFO model=fbp-unet epoch=083/120 train_mse=0.0000853 val_mse=0.0000966 val_psnr_db=40.6010 lr=0.000235 seconds=0.91 best_epoch=81
2026-09-19 13:45:47,414 INFO model=fbp-unet epoch=084/120 train_mse=0.0000858 val_mse=0.0000953 val_psnr_db=40.6298 lr=0.000225 seconds=0.91 best_epoch=81
2026-09-19 13:45:48,337 INFO model=fbp-unet epoch=085/120 train_mse=0.0000852 val_mse=0.0000955 val_psnr_db=40.6469 lr=0.000214 seconds=0.91 best_epoch=81
2026-09-19 13:45:49,265 INFO model=fbp-unet epoch=086/120 train_mse=0.0000843 val_mse=0.0000938 val_psnr_db=40.6974 lr=0.000204 seconds=0.91 best_epoch=86
2026-09-19 13:45:50,184 INFO model=fbp-unet epoch=087/120 train_mse=0.0000843 val_mse=0.0000943 val_psnr_db=40.6968 lr=0.000193 seconds=0.91 best_epoch=86
2026-09-19 13:45:51,105 INFO model=fbp-unet epoch=088/120 train_mse=0.0000844 val_mse=0.0000963 val_psnr_db=40.6145 lr=0.000184 seconds=0.91 best_epoch=86
2026-09-19 13:45:52,027 INFO model=fbp-unet epoch=089/120 train_mse=0.0000855 val_mse=0.0000939 val_psnr_db=40.6909 lr=0.000174 seconds=0.91 best_epoch=86
2026-09-19 13:45:52,947 INFO model=fbp-unet epoch=090/120 train_mse=0.0000844 val_mse=0.0000946 val_psnr_db=40.6585 lr=0.000164 seconds=0.91 best_epoch=86
2026-09-19 13:45:53,871 INFO model=fbp-unet epoch=091/120 train_mse=0.0000834 val_mse=0.0000929 val_psnr_db=40.7453 lr=0.000155 seconds=0.91 best_epoch=91
2026-09-19 13:45:54,794 INFO model=fbp-unet epoch=092/120 train_mse=0.0000831 val_mse=0.0000933 val_psnr_db=40.7277 lr=0.000146 seconds=0.91 best_epoch=91
2026-09-19 13:45:55,719 INFO model=fbp-unet epoch=093/120 train_mse=0.0000830 val_mse=0.0000938 val_psnr_db=40.7126 lr=0.000137 seconds=0.91 best_epoch=91
2026-09-19 13:45:56,631 INFO model=fbp-unet epoch=094/120 train_mse=0.0000830 val_mse=0.0000921 val_psnr_db=40.7658 lr=0.000129 seconds=0.90 best_epoch=94
2026-09-19 13:45:57,550 INFO model=fbp-unet epoch=095/120 train_mse=0.0000824 val_mse=0.0000924 val_psnr_db=40.7849 lr=0.00012 seconds=0.90 best_epoch=94
2026-09-19 13:45:58,473 INFO model=fbp-unet epoch=096/120 train_mse=0.0000823 val_mse=0.0000923 val_psnr_db=40.7824 lr=0.000112 seconds=0.91 best_epoch=94
2026-09-19 13:45:59,391 INFO model=fbp-unet epoch=097/120 train_mse=0.0000823 val_mse=0.0000921 val_psnr_db=40.7938 lr=0.000105 seconds=0.91 best_epoch=94
2026-09-19 13:46:00,317 INFO model=fbp-unet epoch=098/120 train_mse=0.0000822 val_mse=0.0000917 val_psnr_db=40.7994 lr=9.71e-05 seconds=0.91 best_epoch=98
2026-09-19 13:46:01,240 INFO model=fbp-unet epoch=099/120 train_mse=0.0000821 val_mse=0.0000919 val_psnr_db=40.7859 lr=8.99e-05 seconds=0.91 best_epoch=98
2026-09-19 13:46:02,165 INFO model=fbp-unet epoch=100/120 train_mse=0.0000820 val_mse=0.0000917 val_psnr_db=40.8076 lr=8.29e-05 seconds=0.91 best_epoch=100
2026-09-19 13:46:03,090 INFO model=fbp-unet epoch=101/120 train_mse=0.0000817 val_mse=0.0000915 val_psnr_db=40.8228 lr=7.63e-05 seconds=0.90 best_epoch=101
2026-09-19 13:46:04,018 INFO model=fbp-unet epoch=102/120 train_mse=0.0000815 val_mse=0.0000914 val_psnr_db=40.8209 lr=7e-05 seconds=0.90 best_epoch=102
2026-09-19 13:46:04,944 INFO model=fbp-unet epoch=103/120 train_mse=0.0000814 val_mse=0.0000910 val_psnr_db=40.8354 lr=6.4e-05 seconds=0.90 best_epoch=103
2026-09-19 13:46:05,868 INFO model=fbp-unet epoch=104/120 train_mse=0.0000812 val_mse=0.0000909 val_psnr_db=40.8423 lr=5.82e-05 seconds=0.90 best_epoch=104
2026-09-19 13:46:06,791 INFO model=fbp-unet epoch=105/120 train_mse=0.0000812 val_mse=0.0000910 val_psnr_db=40.8445 lr=5.28e-05 seconds=0.90 best_epoch=104
2026-09-19 13:46:07,716 INFO model=fbp-unet epoch=106/120 train_mse=0.0000812 val_mse=0.0000909 val_psnr_db=40.8442 lr=4.77e-05 seconds=0.91 best_epoch=106
2026-09-19 13:46:08,638 INFO model=fbp-unet epoch=107/120 train_mse=0.0000811 val_mse=0.0000914 val_psnr_db=40.8228 lr=4.29e-05 seconds=0.90 best_epoch=106
2026-09-19 13:46:09,562 INFO model=fbp-unet epoch=108/120 train_mse=0.0000812 val_mse=0.0000909 val_psnr_db=40.8368 lr=3.84e-05 seconds=0.91 best_epoch=106
2026-09-19 13:46:10,485 INFO model=fbp-unet epoch=109/120 train_mse=0.0000811 val_mse=0.0000910 val_psnr_db=40.8361 lr=3.42e-05 seconds=0.91 best_epoch=106
2026-09-19 13:46:11,406 INFO model=fbp-unet epoch=110/120 train_mse=0.0000811 val_mse=0.0000911 val_psnr_db=40.8326 lr=3.04e-05 seconds=0.91 best_epoch=106
2026-09-19 13:46:12,334 INFO model=fbp-unet epoch=111/120 train_mse=0.0000810 val_mse=0.0000908 val_psnr_db=40.8435 lr=2.69e-05 seconds=0.91 best_epoch=111
2026-09-19 13:46:13,259 INFO model=fbp-unet epoch=112/120 train_mse=0.0000808 val_mse=0.0000907 val_psnr_db=40.8527 lr=2.37e-05 seconds=0.90 best_epoch=112
2026-09-19 13:46:14,183 INFO model=fbp-unet epoch=113/120 train_mse=0.0000808 val_mse=0.0000907 val_psnr_db=40.8527 lr=2.08e-05 seconds=0.91 best_epoch=112
2026-09-19 13:46:15,113 INFO model=fbp-unet epoch=114/120 train_mse=0.0000808 val_mse=0.0000906 val_psnr_db=40.8598 lr=1.83e-05 seconds=0.91 best_epoch=114
2026-09-19 13:46:16,038 INFO model=fbp-unet epoch=115/120 train_mse=0.0000807 val_mse=0.0000906 val_psnr_db=40.8599 lr=1.61e-05 seconds=0.91 best_epoch=114
2026-09-19 13:46:16,967 INFO model=fbp-unet epoch=116/120 train_mse=0.0000807 val_mse=0.0000905 val_psnr_db=40.8623 lr=1.42e-05 seconds=0.91 best_epoch=116
2026-09-19 13:46:17,895 INFO model=fbp-unet epoch=117/120 train_mse=0.0000807 val_mse=0.0000905 val_psnr_db=40.8634 lr=1.27e-05 seconds=0.91 best_epoch=117
2026-09-19 13:46:18,820 INFO model=fbp-unet epoch=118/120 train_mse=0.0000806 val_mse=0.0000905 val_psnr_db=40.8642 lr=1.15e-05 seconds=0.90 best_epoch=117
2026-09-19 13:46:19,745 INFO model=fbp-unet epoch=119/120 train_mse=0.0000806 val_mse=0.0000905 val_psnr_db=40.8612 lr=1.07e-05 seconds=0.91 best_epoch=117
2026-09-19 13:46:20,672 INFO model=fbp-unet epoch=120/120 train_mse=0.0000807 val_mse=0.0000905 val_psnr_db=40.8630 lr=1.02e-05 seconds=0.92 best_epoch=117
2026-09-19 13:46:20,695 INFO model=fbp-unet training_complete seconds=110.79 best_epoch=117 peak_memory_bytes=3439397888
2026-09-19 13:46:20,717 INFO model=lpd parameters=253220 epochs=120 lr=0.001 device=cuda supervised=True selected_on=image MSE against the clean image
2026-09-19 13:46:21,587 INFO model=lpd initial_gradient_norm=0.69456911
2026-09-19 13:46:21,587 INFO model=lpd first_dual_updates_gradient_norm=0.00084649291
2026-09-19 13:46:21,587 INFO model=lpd first_primal_updates_gradient_norm=0.21540458
2026-09-19 13:46:33,518 INFO model=lpd epoch=001/120 train_mse=0.0256266 val_mse=0.0208230 val_psnr_db=17.1708 lr=0.001 seconds=12.79 best_epoch=1
2026-09-19 13:46:46,340 INFO model=lpd epoch=002/120 train_mse=0.0139392 val_mse=0.0120600 val_psnr_db=19.7591 lr=0.001 seconds=12.78 best_epoch=2
2026-09-19 13:46:59,165 INFO model=lpd epoch=003/120 train_mse=0.0109734 val_mse=0.0122487 val_psnr_db=19.4242 lr=0.000999 seconds=12.80 best_epoch=2
2026-09-19 13:47:11,998 INFO model=lpd epoch=004/120 train_mse=0.0084868 val_mse=0.0069769 val_psnr_db=21.9028 lr=0.000998 seconds=12.79 best_epoch=4
2026-09-19 13:47:24,822 INFO model=lpd epoch=005/120 train_mse=0.0056771 val_mse=0.0045504 val_psnr_db=23.9846 lr=0.000997 seconds=12.79 best_epoch=5
2026-09-19 13:47:37,661 INFO model=lpd epoch=006/120 train_mse=0.0031071 val_mse=0.0026323 val_psnr_db=26.4310 lr=0.000996 seconds=12.80 best_epoch=6
2026-09-19 13:47:50,498 INFO model=lpd epoch=007/120 train_mse=0.0021641 val_mse=0.0021745 val_psnr_db=27.1561 lr=0.000994 seconds=12.79 best_epoch=7
2026-09-19 13:48:03,330 INFO model=lpd epoch=008/120 train_mse=0.0018149 val_mse=0.0020014 val_psnr_db=27.5170 lr=0.000992 seconds=12.79 best_epoch=8
2026-09-19 13:48:16,172 INFO model=lpd epoch=009/120 train_mse=0.0016523 val_mse=0.0018738 val_psnr_db=27.8082 lr=0.000989 seconds=12.80 best_epoch=9
2026-09-19 13:48:29,026 INFO model=lpd epoch=010/120 train_mse=0.0015879 val_mse=0.0016083 val_psnr_db=28.5057 lr=0.000986 seconds=12.81 best_epoch=10
2026-09-19 13:48:41,869 INFO model=lpd epoch=011/120 train_mse=0.0013721 val_mse=0.0014362 val_psnr_db=28.9963 lr=0.000983 seconds=12.80 best_epoch=11
2026-09-19 13:48:54,705 INFO model=lpd epoch=012/120 train_mse=0.0012486 val_mse=0.0014692 val_psnr_db=28.9110 lr=0.00098 seconds=12.81 best_epoch=11
2026-09-19 13:49:07,559 INFO model=lpd epoch=013/120 train_mse=0.0011854 val_mse=0.0012685 val_psnr_db=29.5170 lr=0.000976 seconds=12.81 best_epoch=13
2026-09-19 13:49:20,415 INFO model=lpd epoch=014/120 train_mse=0.0010675 val_mse=0.0011387 val_psnr_db=29.9140 lr=0.000972 seconds=12.81 best_epoch=14
2026-09-19 13:49:33,265 INFO model=lpd epoch=015/120 train_mse=0.0010013 val_mse=0.0011062 val_psnr_db=30.0465 lr=0.000967 seconds=12.81 best_epoch=15
2026-09-19 13:49:46,118 INFO model=lpd epoch=016/120 train_mse=0.0008712 val_mse=0.0009031 val_psnr_db=31.0859 lr=0.000962 seconds=12.81 best_epoch=16
2026-09-19 13:49:58,963 INFO model=lpd epoch=017/120 train_mse=0.0009481 val_mse=0.0010724 val_psnr_db=30.1414 lr=0.000957 seconds=12.82 best_epoch=16
2026-09-19 13:50:11,807 INFO model=lpd epoch=018/120 train_mse=0.0193284 val_mse=0.0176462 val_psnr_db=17.7863 lr=0.000952 seconds=12.81 best_epoch=16
2026-09-19 13:50:24,656 INFO model=lpd epoch=019/120 train_mse=0.0084195 val_mse=0.0058173 val_psnr_db=22.7293 lr=0.000946 seconds=12.82 best_epoch=16
2026-09-19 13:50:37,497 INFO model=lpd epoch=020/120 train_mse=0.0038170 val_mse=0.0025055 val_psnr_db=26.6544 lr=0.00094 seconds=12.81 best_epoch=16
2026-09-19 13:50:50,372 INFO model=lpd epoch=021/120 train_mse=0.0082760 val_mse=0.0055429 val_psnr_db=22.9059 lr=0.000934 seconds=12.85 best_epoch=16
2026-09-19 13:51:03,252 INFO model=lpd epoch=022/120 train_mse=0.0040704 val_mse=0.0034437 val_psnr_db=25.2959 lr=0.000927 seconds=12.85 best_epoch=16
2026-09-19 13:51:16,138 INFO model=lpd epoch=023/120 train_mse=0.0025300 val_mse=0.0022854 val_psnr_db=26.9089 lr=0.00092 seconds=12.86 best_epoch=16
2026-09-19 13:51:29,016 INFO model=lpd epoch=024/120 train_mse=0.0019731 val_mse=0.0019167 val_psnr_db=27.6611 lr=0.000913 seconds=12.85 best_epoch=16
2026-09-19 13:51:41,896 INFO model=lpd epoch=025/120 train_mse=0.0016115 val_mse=0.0015683 val_psnr_db=28.5607 lr=0.000905 seconds=12.85 best_epoch=16
2026-09-19 13:51:54,776 INFO model=lpd epoch=026/120 train_mse=0.0014579 val_mse=0.0018975 val_psnr_db=27.7652 lr=0.000898 seconds=12.85 best_epoch=16
2026-09-19 13:52:07,659 INFO model=lpd epoch=027/120 train_mse=0.0014606 val_mse=0.0014471 val_psnr_db=28.8493 lr=0.00089 seconds=12.85 best_epoch=16
2026-09-19 13:52:20,539 INFO model=lpd epoch=028/120 train_mse=0.0013173 val_mse=0.0015697 val_psnr_db=28.5474 lr=0.000881 seconds=12.85 best_epoch=16
2026-09-19 13:52:33,427 INFO model=lpd epoch=029/120 train_mse=0.0012882 val_mse=0.0013175 val_psnr_db=29.3265 lr=0.000873 seconds=12.86 best_epoch=16
2026-09-19 13:52:46,311 INFO model=lpd epoch=030/120 train_mse=0.0013329 val_mse=0.0014906 val_psnr_db=28.7664 lr=0.000864 seconds=12.85 best_epoch=16
2026-09-19 13:52:59,196 INFO model=lpd epoch=031/120 train_mse=0.0012708 val_mse=0.0013132 val_psnr_db=29.3478 lr=0.000855 seconds=12.85 best_epoch=16
2026-09-19 13:53:12,079 INFO model=lpd epoch=032/120 train_mse=0.0011641 val_mse=0.0012350 val_psnr_db=29.6072 lr=0.000846 seconds=12.85 best_epoch=16
2026-09-19 13:53:24,964 INFO model=lpd epoch=033/120 train_mse=0.0011050 val_mse=0.0012082 val_psnr_db=29.7239 lr=0.000836 seconds=12.86 best_epoch=16
2026-09-19 13:53:37,838 INFO model=lpd epoch=034/120 train_mse=0.0010772 val_mse=0.0011572 val_psnr_db=29.8890 lr=0.000826 seconds=12.84 best_epoch=16
2026-09-19 13:53:50,716 INFO model=lpd epoch=035/120 train_mse=0.0011098 val_mse=0.0012486 val_psnr_db=29.5689 lr=0.000817 seconds=12.85 best_epoch=16
2026-09-19 13:54:03,608 INFO model=lpd epoch=036/120 train_mse=0.0010851 val_mse=0.0011840 val_psnr_db=29.8014 lr=0.000806 seconds=12.86 best_epoch=16
2026-09-19 13:54:16,497 INFO model=lpd epoch=037/120 train_mse=0.0010347 val_mse=0.0011219 val_psnr_db=30.0680 lr=0.000796 seconds=12.86 best_epoch=16
2026-09-19 13:54:29,387 INFO model=lpd epoch=038/120 train_mse=0.0015896 val_mse=0.0027388 val_psnr_db=26.1806 lr=0.000785 seconds=12.86 best_epoch=16
2026-09-19 13:54:42,277 INFO model=lpd epoch=039/120 train_mse=0.0016411 val_mse=0.0016799 val_psnr_db=28.2621 lr=0.000775 seconds=12.86 best_epoch=16
2026-09-19 13:54:55,166 INFO model=lpd epoch=040/120 train_mse=0.0014103 val_mse=0.0014401 val_psnr_db=28.9488 lr=0.000764 seconds=12.86 best_epoch=16
2026-09-19 13:55:08,057 INFO model=lpd epoch=041/120 train_mse=0.0012212 val_mse=0.0013265 val_psnr_db=29.3041 lr=0.000752 seconds=12.86 best_epoch=16
2026-09-19 13:55:20,944 INFO model=lpd epoch=042/120 train_mse=0.0012027 val_mse=0.0013515 val_psnr_db=29.1743 lr=0.000741 seconds=12.86 best_epoch=16
2026-09-19 13:55:33,841 INFO model=lpd epoch=043/120 train_mse=0.0011400 val_mse=0.0012454 val_psnr_db=29.6348 lr=0.00073 seconds=12.87 best_epoch=16
2026-09-19 13:55:46,736 INFO model=lpd epoch=044/120 train_mse=0.0010889 val_mse=0.0011973 val_psnr_db=29.7250 lr=0.000718 seconds=12.86 best_epoch=16
2026-09-19 13:55:59,628 INFO model=lpd epoch=045/120 train_mse=0.0010509 val_mse=0.0011359 val_psnr_db=29.9956 lr=0.000706 seconds=12.86 best_epoch=16
2026-09-19 13:56:12,519 INFO model=lpd epoch=046/120 train_mse=0.0010007 val_mse=0.0010859 val_psnr_db=30.1776 lr=0.000694 seconds=12.86 best_epoch=16
2026-09-19 13:56:25,412 INFO model=lpd epoch=047/120 train_mse=0.0009567 val_mse=0.0010455 val_psnr_db=30.3402 lr=0.000682 seconds=12.86 best_epoch=16
2026-09-19 13:56:38,307 INFO model=lpd epoch=048/120 train_mse=0.0009300 val_mse=0.0010717 val_psnr_db=30.2507 lr=0.00067 seconds=12.87 best_epoch=16
2026-09-19 13:56:51,201 INFO model=lpd epoch=049/120 train_mse=0.0009215 val_mse=0.0010060 val_psnr_db=30.5641 lr=0.000658 seconds=12.86 best_epoch=16
2026-09-19 13:57:04,098 INFO model=lpd epoch=050/120 train_mse=0.0009052 val_mse=0.0009821 val_psnr_db=30.6927 lr=0.000646 seconds=12.87 best_epoch=16
2026-09-19 13:57:16,988 INFO model=lpd epoch=051/120 train_mse=0.0011187 val_mse=0.0013740 val_psnr_db=29.2569 lr=0.000633 seconds=12.86 best_epoch=16
2026-09-19 13:57:29,879 INFO model=lpd epoch=052/120 train_mse=0.0010566 val_mse=0.0011298 val_psnr_db=29.9755 lr=0.000621 seconds=12.86 best_epoch=16
2026-09-19 13:57:42,770 INFO model=lpd epoch=053/120 train_mse=0.0009870 val_mse=0.0010362 val_psnr_db=30.4078 lr=0.000608 seconds=12.86 best_epoch=16
2026-09-19 13:57:55,664 INFO model=lpd epoch=054/120 train_mse=0.0009117 val_mse=0.0009855 val_psnr_db=30.6076 lr=0.000595 seconds=12.86 best_epoch=16
2026-09-19 13:58:08,559 INFO model=lpd epoch=055/120 train_mse=0.0008615 val_mse=0.0009592 val_psnr_db=30.7600 lr=0.000582 seconds=12.86 best_epoch=16
2026-09-19 13:58:21,452 INFO model=lpd epoch=056/120 train_mse=0.0008283 val_mse=0.0009273 val_psnr_db=30.8985 lr=0.00057 seconds=12.86 best_epoch=16
2026-09-19 13:58:34,348 INFO model=lpd epoch=057/120 train_mse=0.0008095 val_mse=0.0009033 val_psnr_db=30.9578 lr=0.000557 seconds=12.86 best_epoch=16
2026-09-19 13:58:47,252 INFO model=lpd epoch=058/120 train_mse=0.0008004 val_mse=0.0008808 val_psnr_db=31.0991 lr=0.000544 seconds=12.86 best_epoch=58
2026-09-19 13:59:00,152 INFO model=lpd epoch=059/120 train_mse=0.0007743 val_mse=0.0008665 val_psnr_db=31.1943 lr=0.000531 seconds=12.86 best_epoch=59
2026-09-19 13:59:13,056 INFO model=lpd epoch=060/120 train_mse=0.0007447 val_mse=0.0008228 val_psnr_db=31.4357 lr=0.000518 seconds=12.86 best_epoch=60
2026-09-19 13:59:25,949 INFO model=lpd epoch=061/120 train_mse=0.0007468 val_mse=0.0008750 val_psnr_db=31.0739 lr=0.000505 seconds=12.86 best_epoch=60
2026-09-19 13:59:38,842 INFO model=lpd epoch=062/120 train_mse=0.0007765 val_mse=0.0008841 val_psnr_db=31.0401 lr=0.000492 seconds=12.86 best_epoch=60
2026-09-19 13:59:51,729 INFO model=lpd epoch=063/120 train_mse=0.0008216 val_mse=0.0008839 val_psnr_db=31.0781 lr=0.000479 seconds=12.86 best_epoch=60
2026-09-19 14:00:04,619 INFO model=lpd epoch=064/120 train_mse=0.0008153 val_mse=0.0010291 val_psnr_db=30.3957 lr=0.000466 seconds=12.86 best_epoch=60
2026-09-19 14:00:17,505 INFO model=lpd epoch=065/120 train_mse=0.0010779 val_mse=0.0012290 val_psnr_db=29.7010 lr=0.000453 seconds=12.86 best_epoch=60
2026-09-19 14:00:30,401 INFO model=lpd epoch=066/120 train_mse=0.0009112 val_mse=0.0009815 val_psnr_db=30.6201 lr=0.00044 seconds=12.86 best_epoch=60
2026-09-19 14:00:43,300 INFO model=lpd epoch=067/120 train_mse=0.0008137 val_mse=0.0008730 val_psnr_db=31.2079 lr=0.000428 seconds=12.87 best_epoch=60
2026-09-19 14:00:56,210 INFO model=lpd epoch=068/120 train_mse=0.0007539 val_mse=0.0008204 val_psnr_db=31.4388 lr=0.000415 seconds=12.87 best_epoch=68
2026-09-19 14:01:09,107 INFO model=lpd epoch=069/120 train_mse=0.0007055 val_mse=0.0007915 val_psnr_db=31.6171 lr=0.000402 seconds=12.86 best_epoch=69
2026-09-19 14:01:22,008 INFO model=lpd epoch=070/120 train_mse=0.0006780 val_mse=0.0007609 val_psnr_db=31.7723 lr=0.000389 seconds=12.86 best_epoch=70
2026-09-19 14:01:34,917 INFO model=lpd epoch=071/120 train_mse=0.0006570 val_mse=0.0007439 val_psnr_db=31.8881 lr=0.000377 seconds=12.87 best_epoch=71
2026-09-19 14:01:47,826 INFO model=lpd epoch=072/120 train_mse=0.0006464 val_mse=0.0007213 val_psnr_db=31.9977 lr=0.000364 seconds=12.87 best_epoch=72
2026-09-19 14:02:00,727 INFO model=lpd epoch=073/120 train_mse=0.0006662 val_mse=0.0008199 val_psnr_db=31.3710 lr=0.000352 seconds=12.87 best_epoch=72
2026-09-19 14:02:13,626 INFO model=lpd epoch=074/120 train_mse=0.0006595 val_mse=0.0007222 val_psnr_db=32.0092 lr=0.00034 seconds=12.87 best_epoch=72
2026-09-19 14:02:26,529 INFO model=lpd epoch=075/120 train_mse=0.0006188 val_mse=0.0007083 val_psnr_db=32.1236 lr=0.000328 seconds=12.86 best_epoch=75
2026-09-19 14:02:39,426 INFO model=lpd epoch=076/120 train_mse=0.0006110 val_mse=0.0006845 val_psnr_db=32.2517 lr=0.000316 seconds=12.86 best_epoch=76
2026-09-19 14:02:52,332 INFO model=lpd epoch=077/120 train_mse=0.0005983 val_mse=0.0006758 val_psnr_db=32.3048 lr=0.000304 seconds=12.87 best_epoch=77
2026-09-19 14:03:05,234 INFO model=lpd epoch=078/120 train_mse=0.0005858 val_mse=0.0006705 val_psnr_db=32.3413 lr=0.000292 seconds=12.86 best_epoch=78
2026-09-19 14:03:18,136 INFO model=lpd epoch=079/120 train_mse=0.0005822 val_mse=0.0006610 val_psnr_db=32.4191 lr=0.00028 seconds=12.86 best_epoch=79
2026-09-19 14:03:31,089 INFO model=lpd epoch=080/120 train_mse=0.0005694 val_mse=0.0006559 val_psnr_db=32.4663 lr=0.000269 seconds=12.86 best_epoch=80
2026-09-19 14:03:43,994 INFO model=lpd epoch=081/120 train_mse=0.0005593 val_mse=0.0006388 val_psnr_db=32.5620 lr=0.000257 seconds=12.86 best_epoch=81
2026-09-19 14:03:56,902 INFO model=lpd epoch=082/120 train_mse=0.0005529 val_mse=0.0006313 val_psnr_db=32.6170 lr=0.000246 seconds=12.87 best_epoch=82
2026-09-19 14:04:09,809 INFO model=lpd epoch=083/120 train_mse=0.0005470 val_mse=0.0006253 val_psnr_db=32.6586 lr=0.000235 seconds=12.87 best_epoch=83
2026-09-19 14:04:22,707 INFO model=lpd epoch=084/120 train_mse=0.0005409 val_mse=0.0006378 val_psnr_db=32.5760 lr=0.000225 seconds=12.87 best_epoch=83
2026-09-19 14:04:35,623 INFO model=lpd epoch=085/120 train_mse=0.0005414 val_mse=0.0006139 val_psnr_db=32.7417 lr=0.000214 seconds=12.87 best_epoch=85
2026-09-19 14:04:48,536 INFO model=lpd epoch=086/120 train_mse=0.0005300 val_mse=0.0006072 val_psnr_db=32.7753 lr=0.000204 seconds=12.87 best_epoch=86
2026-09-19 14:05:01,443 INFO model=lpd epoch=087/120 train_mse=0.0005258 val_mse=0.0006004 val_psnr_db=32.8312 lr=0.000193 seconds=12.87 best_epoch=87
2026-09-19 14:05:14,342 INFO model=lpd epoch=088/120 train_mse=0.0005215 val_mse=0.0006067 val_psnr_db=32.8041 lr=0.000184 seconds=12.87 best_epoch=87
2026-09-19 14:05:27,255 INFO model=lpd epoch=089/120 train_mse=0.0005196 val_mse=0.0005951 val_psnr_db=32.8554 lr=0.000174 seconds=12.87 best_epoch=89
2026-09-19 14:05:40,166 INFO model=lpd epoch=090/120 train_mse=0.0005147 val_mse=0.0005945 val_psnr_db=32.8242 lr=0.000164 seconds=12.87 best_epoch=90
2026-09-19 14:05:53,071 INFO model=lpd epoch=091/120 train_mse=0.0005131 val_mse=0.0005872 val_psnr_db=32.9329 lr=0.000155 seconds=12.87 best_epoch=91
2026-09-19 14:06:05,976 INFO model=lpd epoch=092/120 train_mse=0.0005109 val_mse=0.0005871 val_psnr_db=32.9146 lr=0.000146 seconds=12.86 best_epoch=92
2026-09-19 14:06:18,885 INFO model=lpd epoch=093/120 train_mse=0.0005072 val_mse=0.0005785 val_psnr_db=32.9867 lr=0.000137 seconds=12.87 best_epoch=93
2026-09-19 14:06:31,786 INFO model=lpd epoch=094/120 train_mse=0.0005031 val_mse=0.0005798 val_psnr_db=32.9680 lr=0.000129 seconds=12.87 best_epoch=93
2026-09-19 14:06:44,682 INFO model=lpd epoch=095/120 train_mse=0.0005066 val_mse=0.0005870 val_psnr_db=32.9153 lr=0.00012 seconds=12.87 best_epoch=93
2026-09-19 14:06:57,595 INFO model=lpd epoch=096/120 train_mse=0.0005004 val_mse=0.0005743 val_psnr_db=33.0159 lr=0.000112 seconds=12.87 best_epoch=96
2026-09-19 14:07:10,501 INFO model=lpd epoch=097/120 train_mse=0.0004963 val_mse=0.0005697 val_psnr_db=33.0607 lr=0.000105 seconds=12.87 best_epoch=97
2026-09-19 14:07:23,412 INFO model=lpd epoch=098/120 train_mse=0.0004925 val_mse=0.0005644 val_psnr_db=33.0863 lr=9.71e-05 seconds=12.87 best_epoch=98
2026-09-19 14:07:36,313 INFO model=lpd epoch=099/120 train_mse=0.0004909 val_mse=0.0005660 val_psnr_db=33.0784 lr=8.99e-05 seconds=12.87 best_epoch=98
2026-09-19 14:07:49,218 INFO model=lpd epoch=100/120 train_mse=0.0004904 val_mse=0.0005677 val_psnr_db=33.0768 lr=8.29e-05 seconds=12.87 best_epoch=98
2026-09-19 14:08:02,127 INFO model=lpd epoch=101/120 train_mse=0.0004899 val_mse=0.0005592 val_psnr_db=33.1141 lr=7.63e-05 seconds=12.87 best_epoch=101
2026-09-19 14:08:15,035 INFO model=lpd epoch=102/120 train_mse=0.0004879 val_mse=0.0005587 val_psnr_db=33.1116 lr=7e-05 seconds=12.87 best_epoch=102
2026-09-19 14:08:27,947 INFO model=lpd epoch=103/120 train_mse=0.0004856 val_mse=0.0005568 val_psnr_db=33.1264 lr=6.4e-05 seconds=12.87 best_epoch=103
2026-09-19 14:08:40,859 INFO model=lpd epoch=104/120 train_mse=0.0004840 val_mse=0.0005552 val_psnr_db=33.1512 lr=5.82e-05 seconds=12.87 best_epoch=104
2026-09-19 14:08:53,771 INFO model=lpd epoch=105/120 train_mse=0.0004818 val_mse=0.0005539 val_psnr_db=33.1637 lr=5.28e-05 seconds=12.87 best_epoch=105
2026-09-19 14:09:06,687 INFO model=lpd epoch=106/120 train_mse=0.0004808 val_mse=0.0005527 val_psnr_db=33.1664 lr=4.77e-05 seconds=12.88 best_epoch=106
2026-09-19 14:09:19,592 INFO model=lpd epoch=107/120 train_mse=0.0004801 val_mse=0.0005528 val_psnr_db=33.1756 lr=4.29e-05 seconds=12.87 best_epoch=106
2026-09-19 14:09:32,503 INFO model=lpd epoch=108/120 train_mse=0.0004800 val_mse=0.0005511 val_psnr_db=33.1750 lr=3.84e-05 seconds=12.87 best_epoch=108
2026-09-19 14:09:45,410 INFO model=lpd epoch=109/120 train_mse=0.0004791 val_mse=0.0005530 val_psnr_db=33.1776 lr=3.42e-05 seconds=12.88 best_epoch=108
2026-09-19 14:09:58,313 INFO model=lpd epoch=110/120 train_mse=0.0004783 val_mse=0.0005512 val_psnr_db=33.1873 lr=3.04e-05 seconds=12.87 best_epoch=108
2026-09-19 14:10:11,222 INFO model=lpd epoch=111/120 train_mse=0.0004775 val_mse=0.0005491 val_psnr_db=33.1982 lr=2.69e-05 seconds=12.87 best_epoch=111
2026-09-19 14:10:24,123 INFO model=lpd epoch=112/120 train_mse=0.0004772 val_mse=0.0005492 val_psnr_db=33.2002 lr=2.37e-05 seconds=12.87 best_epoch=111
2026-09-19 14:10:37,025 INFO model=lpd epoch=113/120 train_mse=0.0004769 val_mse=0.0005506 val_psnr_db=33.1942 lr=2.08e-05 seconds=12.87 best_epoch=111
2026-09-19 14:10:49,944 INFO model=lpd epoch=114/120 train_mse=0.0004765 val_mse=0.0005480 val_psnr_db=33.2074 lr=1.83e-05 seconds=12.88 best_epoch=114
2026-09-19 14:11:02,845 INFO model=lpd epoch=115/120 train_mse=0.0004758 val_mse=0.0005484 val_psnr_db=33.2067 lr=1.61e-05 seconds=12.87 best_epoch=114
2026-09-19 14:11:15,759 INFO model=lpd epoch=116/120 train_mse=0.0004757 val_mse=0.0005474 val_psnr_db=33.2118 lr=1.42e-05 seconds=12.87 best_epoch=116
2026-09-19 14:11:28,656 INFO model=lpd epoch=117/120 train_mse=0.0004753 val_mse=0.0005479 val_psnr_db=33.2109 lr=1.27e-05 seconds=12.87 best_epoch=116
2026-09-19 14:11:41,560 INFO model=lpd epoch=118/120 train_mse=0.0004751 val_mse=0.0005473 val_psnr_db=33.2145 lr=1.15e-05 seconds=12.86 best_epoch=118
2026-09-19 14:11:54,458 INFO model=lpd epoch=119/120 train_mse=0.0004748 val_mse=0.0005476 val_psnr_db=33.2141 lr=1.07e-05 seconds=12.87 best_epoch=118
2026-09-19 14:12:07,367 INFO model=lpd epoch=120/120 train_mse=0.0004746 val_mse=0.0005469 val_psnr_db=33.2177 lr=1.02e-05 seconds=12.87 best_epoch=120
2026-09-19 14:12:07,412 INFO model=lpd training_complete seconds=1546.69 best_epoch=120 peak_memory_bytes=10965459968
2026-09-19 14:12:07,433 INFO model=iradonmap parameters=24301089 epochs=120 lr=0.0001 device=cuda supervised=True selected_on=image MSE against the clean image
2026-09-19 14:12:07,538 INFO model=iradonmap initial_gradient_norm=0.0084473258
2026-09-19 14:12:09,057 INFO model=iradonmap epoch=001/120 train_mse=0.0052056 val_mse=0.0051318 val_psnr_db=22.9630 lr=0.0001 seconds=1.48 best_epoch=1
2026-09-19 14:12:11,336 INFO model=iradonmap epoch=002/120 train_mse=0.0048766 val_mse=0.0051111 val_psnr_db=22.9817 lr=0.0001 seconds=1.49 best_epoch=2
2026-09-19 14:12:14,279 INFO model=iradonmap epoch=003/120 train_mse=0.0046801 val_mse=0.0050609 val_psnr_db=23.0247 lr=9.99e-05 seconds=1.48 best_epoch=3
2026-09-19 14:12:17,224 INFO model=iradonmap epoch=004/120 train_mse=0.0045170 val_mse=0.0049953 val_psnr_db=23.0808 lr=9.98e-05 seconds=1.48 best_epoch=4
2026-09-19 14:12:20,166 INFO model=iradonmap epoch=005/120 train_mse=0.0043698 val_mse=0.0049539 val_psnr_db=23.1172 lr=9.97e-05 seconds=1.48 best_epoch=5
2026-09-19 14:12:23,106 INFO model=iradonmap epoch=006/120 train_mse=0.0042374 val_mse=0.0049136 val_psnr_db=23.1531 lr=9.96e-05 seconds=1.48 best_epoch=6
2026-09-19 14:12:26,050 INFO model=iradonmap epoch=007/120 train_mse=0.0041092 val_mse=0.0048733 val_psnr_db=23.1893 lr=9.94e-05 seconds=1.48 best_epoch=7
2026-09-19 14:12:28,976 INFO model=iradonmap epoch=008/120 train_mse=0.0039803 val_mse=0.0048278 val_psnr_db=23.2304 lr=9.92e-05 seconds=1.48 best_epoch=8
2026-09-19 14:12:31,914 INFO model=iradonmap epoch=009/120 train_mse=0.0038512 val_mse=0.0047704 val_psnr_db=23.2829 lr=9.89e-05 seconds=1.48 best_epoch=9
2026-09-19 14:12:34,873 INFO model=iradonmap epoch=010/120 train_mse=0.0037167 val_mse=0.0046911 val_psnr_db=23.3561 lr=9.86e-05 seconds=1.48 best_epoch=10
2026-09-19 14:12:37,831 INFO model=iradonmap epoch=011/120 train_mse=0.0035608 val_mse=0.0045667 val_psnr_db=23.4735 lr=9.83e-05 seconds=1.48 best_epoch=11
2026-09-19 14:12:40,766 INFO model=iradonmap epoch=012/120 train_mse=0.0033730 val_mse=0.0043830 val_psnr_db=23.6519 lr=9.8e-05 seconds=1.48 best_epoch=12
2026-09-19 14:12:43,701 INFO model=iradonmap epoch=013/120 train_mse=0.0031460 val_mse=0.0041219 val_psnr_db=23.9179 lr=9.76e-05 seconds=1.48 best_epoch=13
2026-09-19 14:12:46,641 INFO model=iradonmap epoch=014/120 train_mse=0.0028650 val_mse=0.0037705 val_psnr_db=24.3035 lr=9.72e-05 seconds=1.48 best_epoch=14
2026-09-19 14:12:49,571 INFO model=iradonmap epoch=015/120 train_mse=0.0025433 val_mse=0.0033595 val_psnr_db=24.8030 lr=9.67e-05 seconds=1.48 best_epoch=15
2026-09-19 14:12:52,733 INFO model=iradonmap epoch=016/120 train_mse=0.0022140 val_mse=0.0029366 val_psnr_db=25.3861 lr=9.62e-05 seconds=1.48 best_epoch=16
2026-09-19 14:12:55,842 INFO model=iradonmap epoch=017/120 train_mse=0.0019110 val_mse=0.0025629 val_psnr_db=25.9777 lr=9.57e-05 seconds=1.48 best_epoch=17
2026-09-19 14:12:59,019 INFO model=iradonmap epoch=018/120 train_mse=0.0016596 val_mse=0.0022532 val_psnr_db=26.5416 lr=9.52e-05 seconds=1.48 best_epoch=18
2026-09-19 14:13:02,144 INFO model=iradonmap epoch=019/120 train_mse=0.0014489 val_mse=0.0020027 val_psnr_db=27.0616 lr=9.46e-05 seconds=1.48 best_epoch=19
2026-09-19 14:13:05,282 INFO model=iradonmap epoch=020/120 train_mse=0.0012753 val_mse=0.0017774 val_psnr_db=27.5880 lr=9.4e-05 seconds=1.48 best_epoch=20
2026-09-19 14:13:08,232 INFO model=iradonmap epoch=021/120 train_mse=0.0011177 val_mse=0.0015854 val_psnr_db=28.0945 lr=9.34e-05 seconds=1.48 best_epoch=21
2026-09-19 14:13:11,203 INFO model=iradonmap epoch=022/120 train_mse=0.0009849 val_mse=0.0014131 val_psnr_db=28.6050 lr=9.27e-05 seconds=1.48 best_epoch=22
2026-09-19 14:13:14,398 INFO model=iradonmap epoch=023/120 train_mse=0.0008708 val_mse=0.0012636 val_psnr_db=29.1075 lr=9.2e-05 seconds=1.48 best_epoch=23
2026-09-19 14:13:17,585 INFO model=iradonmap epoch=024/120 train_mse=0.0007714 val_mse=0.0011368 val_psnr_db=29.5821 lr=9.13e-05 seconds=1.48 best_epoch=24
2026-09-19 14:13:20,799 INFO model=iradonmap epoch=025/120 train_mse=0.0006893 val_mse=0.0010335 val_psnr_db=30.0124 lr=9.05e-05 seconds=1.48 best_epoch=25
2026-09-19 14:13:24,125 INFO model=iradonmap epoch=026/120 train_mse=0.0006231 val_mse=0.0009522 val_psnr_db=30.3849 lr=8.98e-05 seconds=1.48 best_epoch=26
2026-09-19 14:13:27,383 INFO model=iradonmap epoch=027/120 train_mse=0.0005706 val_mse=0.0008861 val_psnr_db=30.7135 lr=8.9e-05 seconds=1.51 best_epoch=27
2026-09-19 14:13:30,574 INFO model=iradonmap epoch=028/120 train_mse=0.0005280 val_mse=0.0008345 val_psnr_db=30.9890 lr=8.81e-05 seconds=1.51 best_epoch=28
2026-09-19 14:13:33,520 INFO model=iradonmap epoch=029/120 train_mse=0.0004934 val_mse=0.0007930 val_psnr_db=31.2240 lr=8.73e-05 seconds=1.48 best_epoch=29
2026-09-19 14:13:36,622 INFO model=iradonmap epoch=030/120 train_mse=0.0004657 val_mse=0.0007609 val_psnr_db=31.4181 lr=8.64e-05 seconds=1.48 best_epoch=30
2026-09-19 14:13:39,739 INFO model=iradonmap epoch=031/120 train_mse=0.0004414 val_mse=0.0007330 val_psnr_db=31.5922 lr=8.55e-05 seconds=1.48 best_epoch=31
2026-09-19 14:13:43,085 INFO model=iradonmap epoch=032/120 train_mse=0.0004208 val_mse=0.0007094 val_psnr_db=31.7459 lr=8.46e-05 seconds=1.51 best_epoch=32
2026-09-19 14:13:46,516 INFO model=iradonmap epoch=033/120 train_mse=0.0004032 val_mse=0.0006885 val_psnr_db=31.8858 lr=8.36e-05 seconds=1.52 best_epoch=33
2026-09-19 14:13:49,735 INFO model=iradonmap epoch=034/120 train_mse=0.0003882 val_mse=0.0006719 val_psnr_db=32.0015 lr=8.26e-05 seconds=1.51 best_epoch=34
2026-09-19 14:13:52,985 INFO model=iradonmap epoch=035/120 train_mse=0.0003749 val_mse=0.0006570 val_psnr_db=32.1056 lr=8.17e-05 seconds=1.48 best_epoch=35
2026-09-19 14:13:56,192 INFO model=iradonmap epoch=036/120 train_mse=0.0003631 val_mse=0.0006464 val_psnr_db=32.1821 lr=8.06e-05 seconds=1.48 best_epoch=36
2026-09-19 14:13:59,450 INFO model=iradonmap epoch=037/120 train_mse=0.0003533 val_mse=0.0006354 val_psnr_db=32.2672 lr=7.96e-05 seconds=1.48 best_epoch=37
2026-09-19 14:14:02,812 INFO model=iradonmap epoch=038/120 train_mse=0.0003433 val_mse=0.0006234 val_psnr_db=32.3569 lr=7.85e-05 seconds=1.51 best_epoch=38
2026-09-19 14:14:05,985 INFO model=iradonmap epoch=039/120 train_mse=0.0003337 val_mse=0.0006143 val_psnr_db=32.4265 lr=7.75e-05 seconds=1.51 best_epoch=39
2026-09-19 14:14:09,223 INFO model=iradonmap epoch=040/120 train_mse=0.0003258 val_mse=0.0006079 val_psnr_db=32.4802 lr=7.64e-05 seconds=1.51 best_epoch=40
2026-09-19 14:14:12,447 INFO model=iradonmap epoch=041/120 train_mse=0.0003184 val_mse=0.0006024 val_psnr_db=32.5240 lr=7.53e-05 seconds=1.51 best_epoch=41
2026-09-19 14:14:15,560 INFO model=iradonmap epoch=042/120 train_mse=0.0003112 val_mse=0.0005938 val_psnr_db=32.5904 lr=7.41e-05 seconds=1.48 best_epoch=42
2026-09-19 14:14:18,728 INFO model=iradonmap epoch=043/120 train_mse=0.0003062 val_mse=0.0005880 val_psnr_db=32.6386 lr=7.3e-05 seconds=1.48 best_epoch=43
2026-09-19 14:14:21,912 INFO model=iradonmap epoch=044/120 train_mse=0.0002991 val_mse=0.0005849 val_psnr_db=32.6658 lr=7.18e-05 seconds=1.48 best_epoch=44
2026-09-19 14:14:25,087 INFO model=iradonmap epoch=045/120 train_mse=0.0002933 val_mse=0.0005777 val_psnr_db=32.7259 lr=7.06e-05 seconds=1.51 best_epoch=45
2026-09-19 14:14:28,291 INFO model=iradonmap epoch=046/120 train_mse=0.0002879 val_mse=0.0005726 val_psnr_db=32.7669 lr=6.94e-05 seconds=1.51 best_epoch=46
2026-09-19 14:14:31,491 INFO model=iradonmap epoch=047/120 train_mse=0.0002828 val_mse=0.0005691 val_psnr_db=32.7963 lr=6.82e-05 seconds=1.48 best_epoch=47
2026-09-19 14:14:34,716 INFO model=iradonmap epoch=048/120 train_mse=0.0002784 val_mse=0.0005650 val_psnr_db=32.8318 lr=6.7e-05 seconds=1.49 best_epoch=48
2026-09-19 14:14:37,900 INFO model=iradonmap epoch=049/120 train_mse=0.0002735 val_mse=0.0005604 val_psnr_db=32.8711 lr=6.58e-05 seconds=1.48 best_epoch=49
2026-09-19 14:14:41,096 INFO model=iradonmap epoch=050/120 train_mse=0.0002693 val_mse=0.0005580 val_psnr_db=32.8925 lr=6.46e-05 seconds=1.48 best_epoch=50
2026-09-19 14:14:44,253 INFO model=iradonmap epoch=051/120 train_mse=0.0002657 val_mse=0.0005538 val_psnr_db=32.9281 lr=6.33e-05 seconds=1.48 best_epoch=51
2026-09-19 14:14:47,364 INFO model=iradonmap epoch=052/120 train_mse=0.0002618 val_mse=0.0005509 val_psnr_db=32.9545 lr=6.21e-05 seconds=1.47 best_epoch=52
2026-09-19 14:14:50,460 INFO model=iradonmap epoch=053/120 train_mse=0.0002583 val_mse=0.0005487 val_psnr_db=32.9746 lr=6.08e-05 seconds=1.48 best_epoch=53
2026-09-19 14:14:53,737 INFO model=iradonmap epoch=054/120 train_mse=0.0002547 val_mse=0.0005453 val_psnr_db=33.0018 lr=5.95e-05 seconds=1.50 best_epoch=54
2026-09-19 14:14:56,925 INFO model=iradonmap epoch=055/120 train_mse=0.0002518 val_mse=0.0005433 val_psnr_db=33.0220 lr=5.82e-05 seconds=1.47 best_epoch=55
2026-09-19 14:15:00,245 INFO model=iradonmap epoch=056/120 train_mse=0.0002486 val_mse=0.0005413 val_psnr_db=33.0407 lr=5.7e-05 seconds=1.50 best_epoch=56
2026-09-19 14:15:03,433 INFO model=iradonmap epoch=057/120 train_mse=0.0002456 val_mse=0.0005395 val_psnr_db=33.0553 lr=5.57e-05 seconds=1.48 best_epoch=57
2026-09-19 14:15:06,579 INFO model=iradonmap epoch=058/120 train_mse=0.0002429 val_mse=0.0005369 val_psnr_db=33.0795 lr=5.44e-05 seconds=1.51 best_epoch=58
2026-09-19 14:15:09,703 INFO model=iradonmap epoch=059/120 train_mse=0.0002404 val_mse=0.0005359 val_psnr_db=33.0916 lr=5.31e-05 seconds=1.49 best_epoch=59
2026-09-19 14:15:12,890 INFO model=iradonmap epoch=060/120 train_mse=0.0002375 val_mse=0.0005333 val_psnr_db=33.1131 lr=5.18e-05 seconds=1.48 best_epoch=60
2026-09-19 14:15:16,044 INFO model=iradonmap epoch=061/120 train_mse=0.0002353 val_mse=0.0005327 val_psnr_db=33.1210 lr=5.05e-05 seconds=1.48 best_epoch=61
2026-09-19 14:15:19,285 INFO model=iradonmap epoch=062/120 train_mse=0.0002328 val_mse=0.0005317 val_psnr_db=33.1314 lr=4.92e-05 seconds=1.51 best_epoch=62
2026-09-19 14:15:22,463 INFO model=iradonmap epoch=063/120 train_mse=0.0002304 val_mse=0.0005296 val_psnr_db=33.1496 lr=4.79e-05 seconds=1.48 best_epoch=63
2026-09-19 14:15:25,579 INFO model=iradonmap epoch=064/120 train_mse=0.0002281 val_mse=0.0005280 val_psnr_db=33.1616 lr=4.66e-05 seconds=1.48 best_epoch=64
2026-09-19 14:15:28,278 INFO model=iradonmap epoch=065/120 train_mse=0.0002269 val_mse=0.0005286 val_psnr_db=33.1594 lr=4.53e-05 seconds=1.47 best_epoch=64
2026-09-19 14:15:31,438 INFO model=iradonmap epoch=066/120 train_mse=0.0002248 val_mse=0.0005276 val_psnr_db=33.1669 lr=4.4e-05 seconds=1.48 best_epoch=66
2026-09-19 14:15:34,607 INFO model=iradonmap epoch=067/120 train_mse=0.0002227 val_mse=0.0005254 val_psnr_db=33.1934 lr=4.28e-05 seconds=1.48 best_epoch=67
2026-09-19 14:15:37,745 INFO model=iradonmap epoch=068/120 train_mse=0.0002206 val_mse=0.0005246 val_psnr_db=33.2018 lr=4.15e-05 seconds=1.51 best_epoch=68
2026-09-19 14:15:40,975 INFO model=iradonmap epoch=069/120 train_mse=0.0002181 val_mse=0.0005218 val_psnr_db=33.2237 lr=4.02e-05 seconds=1.51 best_epoch=69
2026-09-19 14:15:44,180 INFO model=iradonmap epoch=070/120 train_mse=0.0002162 val_mse=0.0005214 val_psnr_db=33.2303 lr=3.89e-05 seconds=1.51 best_epoch=70
2026-09-19 14:15:47,287 INFO model=iradonmap epoch=071/120 train_mse=0.0002147 val_mse=0.0005207 val_psnr_db=33.2351 lr=3.77e-05 seconds=1.48 best_epoch=71
2026-09-19 14:15:50,472 INFO model=iradonmap epoch=072/120 train_mse=0.0002129 val_mse=0.0005185 val_psnr_db=33.2551 lr=3.64e-05 seconds=1.48 best_epoch=72
2026-09-19 14:15:53,650 INFO model=iradonmap epoch=073/120 train_mse=0.0002113 val_mse=0.0005173 val_psnr_db=33.2667 lr=3.52e-05 seconds=1.48 best_epoch=73
2026-09-19 14:15:56,755 INFO model=iradonmap epoch=074/120 train_mse=0.0002097 val_mse=0.0005172 val_psnr_db=33.2686 lr=3.4e-05 seconds=1.48 best_epoch=74
2026-09-19 14:15:59,947 INFO model=iradonmap epoch=075/120 train_mse=0.0002082 val_mse=0.0005158 val_psnr_db=33.2821 lr=3.28e-05 seconds=1.48 best_epoch=75
2026-09-19 14:16:03,104 INFO model=iradonmap epoch=076/120 train_mse=0.0002070 val_mse=0.0005142 val_psnr_db=33.2960 lr=3.16e-05 seconds=1.48 best_epoch=76
2026-09-19 14:16:06,208 INFO model=iradonmap epoch=077/120 train_mse=0.0002057 val_mse=0.0005139 val_psnr_db=33.2994 lr=3.04e-05 seconds=1.48 best_epoch=77
2026-09-19 14:16:09,369 INFO model=iradonmap epoch=078/120 train_mse=0.0002044 val_mse=0.0005127 val_psnr_db=33.3114 lr=2.92e-05 seconds=1.48 best_epoch=78
2026-09-19 14:16:12,133 INFO model=iradonmap epoch=079/120 train_mse=0.0002031 val_mse=0.0005135 val_psnr_db=33.3030 lr=2.8e-05 seconds=1.48 best_epoch=78
2026-09-19 14:16:15,309 INFO model=iradonmap epoch=080/120 train_mse=0.0002021 val_mse=0.0005107 val_psnr_db=33.3293 lr=2.69e-05 seconds=1.48 best_epoch=80
2026-09-19 14:16:18,187 INFO model=iradonmap epoch=081/120 train_mse=0.0002008 val_mse=0.0005114 val_psnr_db=33.3251 lr=2.58e-05 seconds=1.51 best_epoch=80
2026-09-19 14:16:21,346 INFO model=iradonmap epoch=082/120 train_mse=0.0001997 val_mse=0.0005106 val_psnr_db=33.3315 lr=2.46e-05 seconds=1.48 best_epoch=82
2026-09-19 14:16:24,702 INFO model=iradonmap epoch=083/120 train_mse=0.0001988 val_mse=0.0005100 val_psnr_db=33.3359 lr=2.35e-05 seconds=1.50 best_epoch=83
2026-09-19 14:16:27,427 INFO model=iradonmap epoch=084/120 train_mse=0.0001978 val_mse=0.0005103 val_psnr_db=33.3349 lr=2.25e-05 seconds=1.48 best_epoch=83
2026-09-19 14:16:30,629 INFO model=iradonmap epoch=085/120 train_mse=0.0001969 val_mse=0.0005077 val_psnr_db=33.3581 lr=2.14e-05 seconds=1.48 best_epoch=85
2026-09-19 14:16:33,497 INFO model=iradonmap epoch=086/120 train_mse=0.0001959 val_mse=0.0005079 val_psnr_db=33.3578 lr=2.04e-05 seconds=1.51 best_epoch=85
2026-09-19 14:16:36,732 INFO model=iradonmap epoch=087/120 train_mse=0.0001952 val_mse=0.0005072 val_psnr_db=33.3646 lr=1.93e-05 seconds=1.48 best_epoch=87
2026-09-19 14:16:39,961 INFO model=iradonmap epoch=088/120 train_mse=0.0001943 val_mse=0.0005066 val_psnr_db=33.3713 lr=1.84e-05 seconds=1.51 best_epoch=88
2026-09-19 14:16:43,295 INFO model=iradonmap epoch=089/120 train_mse=0.0001935 val_mse=0.0005060 val_psnr_db=33.3759 lr=1.74e-05 seconds=1.48 best_epoch=89
2026-09-19 14:16:46,464 INFO model=iradonmap epoch=090/120 train_mse=0.0001928 val_mse=0.0005057 val_psnr_db=33.3794 lr=1.64e-05 seconds=1.48 best_epoch=90
2026-09-19 14:16:49,704 INFO model=iradonmap epoch=091/120 train_mse=0.0001920 val_mse=0.0005049 val_psnr_db=33.3867 lr=1.55e-05 seconds=1.48 best_epoch=91
2026-09-19 14:16:53,096 INFO model=iradonmap epoch=092/120 train_mse=0.0001914 val_mse=0.0005044 val_psnr_db=33.3913 lr=1.46e-05 seconds=1.51 best_epoch=92
2026-09-19 14:16:56,330 INFO model=iradonmap epoch=093/120 train_mse=0.0001908 val_mse=0.0005042 val_psnr_db=33.3941 lr=1.37e-05 seconds=1.50 best_epoch=93
2026-09-19 14:16:59,478 INFO model=iradonmap epoch=094/120 train_mse=0.0001902 val_mse=0.0005034 val_psnr_db=33.4008 lr=1.29e-05 seconds=1.47 best_epoch=94
2026-09-19 14:17:02,583 INFO model=iradonmap epoch=095/120 train_mse=0.0001897 val_mse=0.0005033 val_psnr_db=33.4021 lr=1.2e-05 seconds=1.48 best_epoch=95
2026-09-19 14:17:05,799 INFO model=iradonmap epoch=096/120 train_mse=0.0001892 val_mse=0.0005029 val_psnr_db=33.4058 lr=1.12e-05 seconds=1.48 best_epoch=96
2026-09-19 14:17:08,924 INFO model=iradonmap epoch=097/120 train_mse=0.0001887 val_mse=0.0005026 val_psnr_db=33.4095 lr=1.05e-05 seconds=1.48 best_epoch=97
2026-09-19 14:17:12,116 INFO model=iradonmap epoch=098/120 train_mse=0.0001883 val_mse=0.0005025 val_psnr_db=33.4099 lr=9.71e-06 seconds=1.51 best_epoch=98
2026-09-19 14:17:15,347 INFO model=iradonmap epoch=099/120 train_mse=0.0001879 val_mse=0.0005019 val_psnr_db=33.4158 lr=8.99e-06 seconds=1.51 best_epoch=99
2026-09-19 14:17:18,580 INFO model=iradonmap epoch=100/120 train_mse=0.0001875 val_mse=0.0005016 val_psnr_db=33.4181 lr=8.29e-06 seconds=1.51 best_epoch=100
2026-09-19 14:17:21,893 INFO model=iradonmap epoch=101/120 train_mse=0.0001871 val_mse=0.0005013 val_psnr_db=33.4207 lr=7.63e-06 seconds=1.51 best_epoch=101
2026-09-19 14:17:24,627 INFO model=iradonmap epoch=102/120 train_mse=0.0001869 val_mse=0.0005014 val_psnr_db=33.4203 lr=7e-06 seconds=1.51 best_epoch=101
2026-09-19 14:17:27,393 INFO model=iradonmap epoch=103/120 train_mse=0.0001866 val_mse=0.0005014 val_psnr_db=33.4209 lr=6.4e-06 seconds=1.48 best_epoch=101
2026-09-19 14:17:30,487 INFO model=iradonmap epoch=104/120 train_mse=0.0001863 val_mse=0.0005012 val_psnr_db=33.4224 lr=5.82e-06 seconds=1.48 best_epoch=104
2026-09-19 14:17:33,652 INFO model=iradonmap epoch=105/120 train_mse=0.0001860 val_mse=0.0005009 val_psnr_db=33.4257 lr=5.28e-06 seconds=1.48 best_epoch=105
2026-09-19 14:17:36,814 INFO model=iradonmap epoch=106/120 train_mse=0.0001858 val_mse=0.0005005 val_psnr_db=33.4291 lr=4.77e-06 seconds=1.48 best_epoch=106
2026-09-19 14:17:39,529 INFO model=iradonmap epoch=107/120 train_mse=0.0001856 val_mse=0.0005007 val_psnr_db=33.4273 lr=4.29e-06 seconds=1.47 best_epoch=106
2026-09-19 14:17:42,704 INFO model=iradonmap epoch=108/120 train_mse=0.0001854 val_mse=0.0005005 val_psnr_db=33.4295 lr=3.84e-06 seconds=1.48 best_epoch=108
2026-09-19 14:17:45,921 INFO model=iradonmap epoch=109/120 train_mse=0.0001852 val_mse=0.0005004 val_psnr_db=33.4305 lr=3.42e-06 seconds=1.51 best_epoch=109
2026-09-19 14:17:49,151 INFO model=iradonmap epoch=110/120 train_mse=0.0001851 val_mse=0.0005002 val_psnr_db=33.4323 lr=3.04e-06 seconds=1.51 best_epoch=110
2026-09-19 14:17:51,982 INFO model=iradonmap epoch=111/120 train_mse=0.0001850 val_mse=0.0005002 val_psnr_db=33.4321 lr=2.69e-06 seconds=1.51 best_epoch=110
2026-09-19 14:17:55,247 INFO model=iradonmap epoch=112/120 train_mse=0.0001848 val_mse=0.0004999 val_psnr_db=33.4350 lr=2.37e-06 seconds=1.48 best_epoch=112
2026-09-19 14:17:57,952 INFO model=iradonmap epoch=113/120 train_mse=0.0001847 val_mse=0.0005001 val_psnr_db=33.4339 lr=2.08e-06 seconds=1.48 best_epoch=112
2026-09-19 14:18:01,208 INFO model=iradonmap epoch=114/120 train_mse=0.0001846 val_mse=0.0004997 val_psnr_db=33.4369 lr=1.83e-06 seconds=1.48 best_epoch=114
2026-09-19 14:18:04,047 INFO model=iradonmap epoch=115/120 train_mse=0.0001846 val_mse=0.0004997 val_psnr_db=33.4368 lr=1.61e-06 seconds=1.51 best_epoch=114
2026-09-19 14:18:07,166 INFO model=iradonmap epoch=116/120 train_mse=0.0001845 val_mse=0.0004997 val_psnr_db=33.4374 lr=1.42e-06 seconds=1.48 best_epoch=116
2026-09-19 14:18:09,933 INFO model=iradonmap epoch=117/120 train_mse=0.0001844 val_mse=0.0004997 val_psnr_db=33.4373 lr=1.27e-06 seconds=1.47 best_epoch=116
2026-09-19 14:18:13,023 INFO model=iradonmap epoch=118/120 train_mse=0.0001844 val_mse=0.0004996 val_psnr_db=33.4382 lr=1.15e-06 seconds=1.48 best_epoch=118
2026-09-19 14:18:15,805 INFO model=iradonmap epoch=119/120 train_mse=0.0001843 val_mse=0.0004996 val_psnr_db=33.4378 lr=1.07e-06 seconds=1.48 best_epoch=118
2026-09-19 14:18:18,954 INFO model=iradonmap epoch=120/120 train_mse=0.0001843 val_mse=0.0004996 val_psnr_db=33.4383 lr=1.02e-06 seconds=1.47 best_epoch=120
2026-09-19 14:18:20,237 INFO model=iradonmap training_complete seconds=372.80 best_epoch=120 peak_memory_bytes=5078939136
2026-09-19 14:18:20,239 INFO model=noise2inverse parameters=118305 epochs=120 lr=0.001 device=cuda supervised=False selected_on=held-out subset MSE
2026-09-19 14:18:20,311 INFO model=noise2inverse initial_gradient_norm=0.00028013857
2026-09-19 14:18:21,522 INFO model=noise2inverse epoch=001/120 train_mse=0.0280507 val_mse=0.0293494 val_psnr_db=22.9798 lr=0.001 seconds=1.28 best_epoch=1
2026-09-19 14:18:22,779 INFO model=noise2inverse epoch=002/120 train_mse=0.0271493 val_mse=0.0273754 val_psnr_db=23.3085 lr=0.001 seconds=1.24 best_epoch=2
2026-09-19 14:18:24,037 INFO model=noise2inverse epoch=003/120 train_mse=0.0259649 val_mse=0.0263613 val_psnr_db=23.3226 lr=0.000999 seconds=1.24 best_epoch=3
2026-09-19 14:18:25,296 INFO model=noise2inverse epoch=004/120 train_mse=0.0243203 val_mse=0.0246821 val_psnr_db=23.9854 lr=0.000998 seconds=1.25 best_epoch=4
2026-09-19 14:18:26,554 INFO model=noise2inverse epoch=005/120 train_mse=0.0226857 val_mse=0.0230492 val_psnr_db=24.9647 lr=0.000997 seconds=1.25 best_epoch=5
2026-09-19 14:18:27,810 INFO model=noise2inverse epoch=006/120 train_mse=0.0214882 val_mse=0.0219595 val_psnr_db=26.0153 lr=0.000996 seconds=1.24 best_epoch=6
2026-09-19 14:18:29,068 INFO model=noise2inverse epoch=007/120 train_mse=0.0202710 val_mse=0.0208767 val_psnr_db=26.9555 lr=0.000994 seconds=1.24 best_epoch=7
2026-09-19 14:18:30,328 INFO model=noise2inverse epoch=008/120 train_mse=0.0195262 val_mse=0.0201175 val_psnr_db=28.0747 lr=0.000992 seconds=1.25 best_epoch=8
2026-09-19 14:18:31,588 INFO model=noise2inverse epoch=009/120 train_mse=0.0188935 val_mse=0.0195118 val_psnr_db=28.9119 lr=0.000989 seconds=1.25 best_epoch=9
2026-09-19 14:18:32,849 INFO model=noise2inverse epoch=010/120 train_mse=0.0184661 val_mse=0.0192052 val_psnr_db=29.3132 lr=0.000986 seconds=1.25 best_epoch=10
2026-09-19 14:18:34,110 INFO model=noise2inverse epoch=011/120 train_mse=0.0182871 val_mse=0.0191418 val_psnr_db=29.6302 lr=0.000983 seconds=1.25 best_epoch=11
2026-09-19 14:18:35,366 INFO model=noise2inverse epoch=012/120 train_mse=0.0181449 val_mse=0.0191017 val_psnr_db=29.6289 lr=0.00098 seconds=1.24 best_epoch=12
2026-09-19 14:18:36,627 INFO model=noise2inverse epoch=013/120 train_mse=0.0179974 val_mse=0.0188043 val_psnr_db=30.0772 lr=0.000976 seconds=1.25 best_epoch=13
2026-09-19 14:18:37,887 INFO model=noise2inverse epoch=014/120 train_mse=0.0178409 val_mse=0.0187941 val_psnr_db=29.3692 lr=0.000972 seconds=1.25 best_epoch=14
2026-09-19 14:18:39,147 INFO model=noise2inverse epoch=015/120 train_mse=0.0178598 val_mse=0.0186658 val_psnr_db=29.7679 lr=0.000967 seconds=1.25 best_epoch=15
2026-09-19 14:18:40,408 INFO model=noise2inverse epoch=016/120 train_mse=0.0177850 val_mse=0.0186616 val_psnr_db=30.8014 lr=0.000962 seconds=1.25 best_epoch=16
2026-09-19 14:18:41,663 INFO model=noise2inverse epoch=017/120 train_mse=0.0177785 val_mse=0.0187776 val_psnr_db=29.1724 lr=0.000957 seconds=1.25 best_epoch=16
2026-09-19 14:18:42,926 INFO model=noise2inverse epoch=018/120 train_mse=0.0177400 val_mse=0.0186342 val_psnr_db=30.2752 lr=0.000952 seconds=1.25 best_epoch=18
2026-09-19 14:18:44,186 INFO model=noise2inverse epoch=019/120 train_mse=0.0175976 val_mse=0.0183965 val_psnr_db=30.2616 lr=0.000946 seconds=1.25 best_epoch=19
2026-09-19 14:18:45,445 INFO model=noise2inverse epoch=020/120 train_mse=0.0174371 val_mse=0.0182505 val_psnr_db=30.5693 lr=0.00094 seconds=1.25 best_epoch=20
2026-09-19 14:18:46,701 INFO model=noise2inverse epoch=021/120 train_mse=0.0173591 val_mse=0.0182994 val_psnr_db=30.4080 lr=0.000934 seconds=1.25 best_epoch=20
2026-09-19 14:18:47,964 INFO model=noise2inverse epoch=022/120 train_mse=0.0173043 val_mse=0.0181721 val_psnr_db=30.5603 lr=0.000927 seconds=1.25 best_epoch=22
2026-09-19 14:18:49,222 INFO model=noise2inverse epoch=023/120 train_mse=0.0172925 val_mse=0.0183766 val_psnr_db=30.7728 lr=0.00092 seconds=1.25 best_epoch=22
2026-09-19 14:18:50,479 INFO model=noise2inverse epoch=024/120 train_mse=0.0172456 val_mse=0.0182326 val_psnr_db=30.3838 lr=0.000913 seconds=1.25 best_epoch=22
2026-09-19 14:18:51,738 INFO model=noise2inverse epoch=025/120 train_mse=0.0172229 val_mse=0.0182517 val_psnr_db=30.9646 lr=0.000905 seconds=1.25 best_epoch=22
2026-09-19 14:18:53,002 INFO model=noise2inverse epoch=026/120 train_mse=0.0171292 val_mse=0.0181110 val_psnr_db=30.3508 lr=0.000898 seconds=1.25 best_epoch=26
2026-09-19 14:18:54,265 INFO model=noise2inverse epoch=027/120 train_mse=0.0171301 val_mse=0.0179565 val_psnr_db=30.8810 lr=0.00089 seconds=1.25 best_epoch=27
2026-09-19 14:18:55,518 INFO model=noise2inverse epoch=028/120 train_mse=0.0170259 val_mse=0.0179648 val_psnr_db=30.2927 lr=0.000881 seconds=1.24 best_epoch=27
2026-09-19 14:18:56,775 INFO model=noise2inverse epoch=029/120 train_mse=0.0170558 val_mse=0.0180066 val_psnr_db=29.9703 lr=0.000873 seconds=1.25 best_epoch=27
2026-09-19 14:18:58,038 INFO model=noise2inverse epoch=030/120 train_mse=0.0170331 val_mse=0.0178825 val_psnr_db=31.0934 lr=0.000864 seconds=1.25 best_epoch=30
2026-09-19 14:18:59,295 INFO model=noise2inverse epoch=031/120 train_mse=0.0170369 val_mse=0.0178969 val_psnr_db=30.1736 lr=0.000855 seconds=1.25 best_epoch=30
2026-09-19 14:19:00,559 INFO model=noise2inverse epoch=032/120 train_mse=0.0169538 val_mse=0.0178610 val_psnr_db=32.1434 lr=0.000846 seconds=1.25 best_epoch=32
2026-09-19 14:19:01,815 INFO model=noise2inverse epoch=033/120 train_mse=0.0169068 val_mse=0.0178689 val_psnr_db=32.1023 lr=0.000836 seconds=1.25 best_epoch=32
2026-09-19 14:19:03,079 INFO model=noise2inverse epoch=034/120 train_mse=0.0169671 val_mse=0.0177722 val_psnr_db=31.4655 lr=0.000826 seconds=1.25 best_epoch=34
2026-09-19 14:19:04,338 INFO model=noise2inverse epoch=035/120 train_mse=0.0169004 val_mse=0.0178353 val_psnr_db=30.4543 lr=0.000817 seconds=1.25 best_epoch=34
2026-09-19 14:19:05,598 INFO model=noise2inverse epoch=036/120 train_mse=0.0169248 val_mse=0.0177976 val_psnr_db=31.1257 lr=0.000806 seconds=1.25 best_epoch=34
2026-09-19 14:19:06,862 INFO model=noise2inverse epoch=037/120 train_mse=0.0169298 val_mse=0.0177511 val_psnr_db=31.4823 lr=0.000796 seconds=1.25 best_epoch=37
2026-09-19 14:19:08,126 INFO model=noise2inverse epoch=038/120 train_mse=0.0168190 val_mse=0.0176768 val_psnr_db=31.6584 lr=0.000785 seconds=1.25 best_epoch=38
2026-09-19 14:19:09,385 INFO model=noise2inverse epoch=039/120 train_mse=0.0168582 val_mse=0.0177355 val_psnr_db=31.9922 lr=0.000775 seconds=1.25 best_epoch=38
2026-09-19 14:19:10,644 INFO model=noise2inverse epoch=040/120 train_mse=0.0168218 val_mse=0.0177079 val_psnr_db=32.4159 lr=0.000764 seconds=1.25 best_epoch=38
2026-09-19 14:19:11,902 INFO model=noise2inverse epoch=041/120 train_mse=0.0167674 val_mse=0.0178044 val_psnr_db=32.9190 lr=0.000752 seconds=1.25 best_epoch=38
2026-09-19 14:19:13,167 INFO model=noise2inverse epoch=042/120 train_mse=0.0167361 val_mse=0.0176426 val_psnr_db=32.3823 lr=0.000741 seconds=1.25 best_epoch=42
2026-09-19 14:19:14,427 INFO model=noise2inverse epoch=043/120 train_mse=0.0167314 val_mse=0.0176782 val_psnr_db=32.3644 lr=0.00073 seconds=1.25 best_epoch=42
2026-09-19 14:19:15,691 INFO model=noise2inverse epoch=044/120 train_mse=0.0167524 val_mse=0.0176195 val_psnr_db=31.9364 lr=0.000718 seconds=1.25 best_epoch=44
2026-09-19 14:19:16,955 INFO model=noise2inverse epoch=045/120 train_mse=0.0167128 val_mse=0.0175210 val_psnr_db=31.9954 lr=0.000706 seconds=1.25 best_epoch=45
2026-09-19 14:19:18,214 INFO model=noise2inverse epoch=046/120 train_mse=0.0167250 val_mse=0.0176199 val_psnr_db=31.5407 lr=0.000694 seconds=1.25 best_epoch=45
2026-09-19 14:19:19,477 INFO model=noise2inverse epoch=047/120 train_mse=0.0166897 val_mse=0.0175127 val_psnr_db=31.2193 lr=0.000682 seconds=1.25 best_epoch=47
2026-09-19 14:19:20,741 INFO model=noise2inverse epoch=048/120 train_mse=0.0166379 val_mse=0.0175087 val_psnr_db=31.9302 lr=0.00067 seconds=1.25 best_epoch=48
2026-09-19 14:19:21,999 INFO model=noise2inverse epoch=049/120 train_mse=0.0166937 val_mse=0.0175370 val_psnr_db=31.5099 lr=0.000658 seconds=1.25 best_epoch=48
2026-09-19 14:19:23,263 INFO model=noise2inverse epoch=050/120 train_mse=0.0166255 val_mse=0.0174983 val_psnr_db=31.8847 lr=0.000646 seconds=1.25 best_epoch=50
2026-09-19 14:19:24,528 INFO model=noise2inverse epoch=051/120 train_mse=0.0166396 val_mse=0.0174774 val_psnr_db=32.0568 lr=0.000633 seconds=1.25 best_epoch=51
2026-09-19 14:19:25,791 INFO model=noise2inverse epoch=052/120 train_mse=0.0165872 val_mse=0.0174485 val_psnr_db=32.3229 lr=0.000621 seconds=1.25 best_epoch=52
2026-09-19 14:19:27,054 INFO model=noise2inverse epoch=053/120 train_mse=0.0165580 val_mse=0.0174374 val_psnr_db=31.5289 lr=0.000608 seconds=1.25 best_epoch=53
2026-09-19 14:19:28,314 INFO model=noise2inverse epoch=054/120 train_mse=0.0166211 val_mse=0.0174378 val_psnr_db=32.4380 lr=0.000595 seconds=1.25 best_epoch=53
2026-09-19 14:19:29,578 INFO model=noise2inverse epoch=055/120 train_mse=0.0165537 val_mse=0.0174309 val_psnr_db=32.4818 lr=0.000582 seconds=1.25 best_epoch=55
2026-09-19 14:19:30,838 INFO model=noise2inverse epoch=056/120 train_mse=0.0165977 val_mse=0.0174447 val_psnr_db=32.2633 lr=0.00057 seconds=1.25 best_epoch=55
2026-09-19 14:19:32,105 INFO model=noise2inverse epoch=057/120 train_mse=0.0166183 val_mse=0.0174276 val_psnr_db=32.3308 lr=0.000557 seconds=1.25 best_epoch=57
2026-09-19 14:19:33,367 INFO model=noise2inverse epoch=058/120 train_mse=0.0166003 val_mse=0.0174078 val_psnr_db=32.2255 lr=0.000544 seconds=1.25 best_epoch=58
2026-09-19 14:19:34,627 INFO model=noise2inverse epoch=059/120 train_mse=0.0165131 val_mse=0.0174505 val_psnr_db=32.0915 lr=0.000531 seconds=1.25 best_epoch=58
2026-09-19 14:19:35,885 INFO model=noise2inverse epoch=060/120 train_mse=0.0166012 val_mse=0.0174313 val_psnr_db=32.4687 lr=0.000518 seconds=1.25 best_epoch=58
2026-09-19 14:19:37,150 INFO model=noise2inverse epoch=061/120 train_mse=0.0165886 val_mse=0.0173880 val_psnr_db=32.4146 lr=0.000505 seconds=1.25 best_epoch=61
2026-09-19 14:19:38,409 INFO model=noise2inverse epoch=062/120 train_mse=0.0165189 val_mse=0.0174145 val_psnr_db=32.3005 lr=0.000492 seconds=1.25 best_epoch=61
2026-09-19 14:19:39,674 INFO model=noise2inverse epoch=063/120 train_mse=0.0165325 val_mse=0.0173726 val_psnr_db=31.9500 lr=0.000479 seconds=1.25 best_epoch=63
2026-09-19 14:19:40,934 INFO model=noise2inverse epoch=064/120 train_mse=0.0165749 val_mse=0.0173836 val_psnr_db=32.3791 lr=0.000466 seconds=1.25 best_epoch=63
2026-09-19 14:19:42,199 INFO model=noise2inverse epoch=065/120 train_mse=0.0165625 val_mse=0.0173394 val_psnr_db=32.2572 lr=0.000453 seconds=1.25 best_epoch=65
2026-09-19 14:19:43,458 INFO model=noise2inverse epoch=066/120 train_mse=0.0165447 val_mse=0.0174034 val_psnr_db=32.0662 lr=0.00044 seconds=1.25 best_epoch=65
2026-09-19 14:19:44,717 INFO model=noise2inverse epoch=067/120 train_mse=0.0165359 val_mse=0.0173488 val_psnr_db=31.8982 lr=0.000428 seconds=1.25 best_epoch=65
2026-09-19 14:19:45,978 INFO model=noise2inverse epoch=068/120 train_mse=0.0165042 val_mse=0.0173969 val_psnr_db=32.9570 lr=0.000415 seconds=1.25 best_epoch=65
2026-09-19 14:19:47,243 INFO model=noise2inverse epoch=069/120 train_mse=0.0165447 val_mse=0.0173214 val_psnr_db=32.0334 lr=0.000402 seconds=1.25 best_epoch=69
2026-09-19 14:19:48,501 INFO model=noise2inverse epoch=070/120 train_mse=0.0165766 val_mse=0.0173369 val_psnr_db=32.4478 lr=0.000389 seconds=1.25 best_epoch=69
2026-09-19 14:19:49,766 INFO model=noise2inverse epoch=071/120 train_mse=0.0164724 val_mse=0.0173147 val_psnr_db=32.3051 lr=0.000377 seconds=1.25 best_epoch=71
2026-09-19 14:19:51,025 INFO model=noise2inverse epoch=072/120 train_mse=0.0164850 val_mse=0.0173483 val_psnr_db=32.7386 lr=0.000364 seconds=1.25 best_epoch=71
2026-09-19 14:19:52,287 INFO model=noise2inverse epoch=073/120 train_mse=0.0164973 val_mse=0.0173267 val_psnr_db=32.5481 lr=0.000352 seconds=1.25 best_epoch=71
2026-09-19 14:19:53,546 INFO model=noise2inverse epoch=074/120 train_mse=0.0164907 val_mse=0.0173512 val_psnr_db=32.8250 lr=0.00034 seconds=1.25 best_epoch=71
2026-09-19 14:19:54,811 INFO model=noise2inverse epoch=075/120 train_mse=0.0164807 val_mse=0.0173048 val_psnr_db=32.4904 lr=0.000328 seconds=1.25 best_epoch=75
2026-09-19 14:19:56,074 INFO model=noise2inverse epoch=076/120 train_mse=0.0164723 val_mse=0.0173017 val_psnr_db=32.1917 lr=0.000316 seconds=1.25 best_epoch=76
2026-09-19 14:19:57,333 INFO model=noise2inverse epoch=077/120 train_mse=0.0164527 val_mse=0.0173193 val_psnr_db=32.4695 lr=0.000304 seconds=1.25 best_epoch=76
2026-09-19 14:19:58,595 INFO model=noise2inverse epoch=078/120 train_mse=0.0164502 val_mse=0.0173033 val_psnr_db=32.3645 lr=0.000292 seconds=1.25 best_epoch=76
2026-09-19 14:19:59,857 INFO model=noise2inverse epoch=079/120 train_mse=0.0165029 val_mse=0.0173063 val_psnr_db=32.5066 lr=0.00028 seconds=1.25 best_epoch=76
2026-09-19 14:20:01,120 INFO model=noise2inverse epoch=080/120 train_mse=0.0164651 val_mse=0.0173080 val_psnr_db=32.6665 lr=0.000269 seconds=1.25 best_epoch=76
2026-09-19 14:20:02,387 INFO model=noise2inverse epoch=081/120 train_mse=0.0164793 val_mse=0.0172823 val_psnr_db=32.6419 lr=0.000257 seconds=1.25 best_epoch=81
2026-09-19 14:20:03,652 INFO model=noise2inverse epoch=082/120 train_mse=0.0164304 val_mse=0.0172819 val_psnr_db=32.3185 lr=0.000246 seconds=1.25 best_epoch=82
2026-09-19 14:20:04,917 INFO model=noise2inverse epoch=083/120 train_mse=0.0164560 val_mse=0.0172771 val_psnr_db=32.6195 lr=0.000235 seconds=1.25 best_epoch=83
2026-09-19 14:20:06,184 INFO model=noise2inverse epoch=084/120 train_mse=0.0164046 val_mse=0.0172628 val_psnr_db=32.2864 lr=0.000225 seconds=1.25 best_epoch=84
2026-09-19 14:20:07,446 INFO model=noise2inverse epoch=085/120 train_mse=0.0164199 val_mse=0.0172768 val_psnr_db=32.5551 lr=0.000214 seconds=1.25 best_epoch=84
2026-09-19 14:20:08,709 INFO model=noise2inverse epoch=086/120 train_mse=0.0164352 val_mse=0.0172843 val_psnr_db=32.8757 lr=0.000204 seconds=1.25 best_epoch=84
2026-09-19 14:20:09,972 INFO model=noise2inverse epoch=087/120 train_mse=0.0164230 val_mse=0.0172640 val_psnr_db=32.6491 lr=0.000193 seconds=1.25 best_epoch=84
2026-09-19 14:20:11,236 INFO model=noise2inverse epoch=088/120 train_mse=0.0164080 val_mse=0.0172693 val_psnr_db=32.7359 lr=0.000184 seconds=1.25 best_epoch=84
2026-09-19 14:20:12,504 INFO model=noise2inverse epoch=089/120 train_mse=0.0164694 val_mse=0.0172619 val_psnr_db=32.6524 lr=0.000174 seconds=1.25 best_epoch=89
2026-09-19 14:20:13,768 INFO model=noise2inverse epoch=090/120 train_mse=0.0164276 val_mse=0.0172649 val_psnr_db=32.7585 lr=0.000164 seconds=1.25 best_epoch=89
2026-09-19 14:20:15,034 INFO model=noise2inverse epoch=091/120 train_mse=0.0164173 val_mse=0.0172585 val_psnr_db=32.7210 lr=0.000155 seconds=1.25 best_epoch=91
2026-09-19 14:20:16,296 INFO model=noise2inverse epoch=092/120 train_mse=0.0164003 val_mse=0.0172733 val_psnr_db=32.5357 lr=0.000146 seconds=1.25 best_epoch=91
2026-09-19 14:20:17,560 INFO model=noise2inverse epoch=093/120 train_mse=0.0164287 val_mse=0.0172738 val_psnr_db=32.4265 lr=0.000137 seconds=1.25 best_epoch=91
2026-09-19 14:20:18,824 INFO model=noise2inverse epoch=094/120 train_mse=0.0164387 val_mse=0.0172507 val_psnr_db=32.1955 lr=0.000129 seconds=1.25 best_epoch=94
2026-09-19 14:20:20,087 INFO model=noise2inverse epoch=095/120 train_mse=0.0163967 val_mse=0.0172649 val_psnr_db=32.5693 lr=0.00012 seconds=1.25 best_epoch=94
2026-09-19 14:20:21,357 INFO model=noise2inverse epoch=096/120 train_mse=0.0164177 val_mse=0.0172468 val_psnr_db=32.6681 lr=0.000112 seconds=1.25 best_epoch=96
2026-09-19 14:20:22,624 INFO model=noise2inverse epoch=097/120 train_mse=0.0164187 val_mse=0.0172463 val_psnr_db=32.6617 lr=0.000105 seconds=1.25 best_epoch=97
2026-09-19 14:20:23,887 INFO model=noise2inverse epoch=098/120 train_mse=0.0163647 val_mse=0.0172515 val_psnr_db=32.8149 lr=9.71e-05 seconds=1.25 best_epoch=97
2026-09-19 14:20:25,158 INFO model=noise2inverse epoch=099/120 train_mse=0.0164356 val_mse=0.0172433 val_psnr_db=32.6196 lr=8.99e-05 seconds=1.25 best_epoch=99
2026-09-19 14:20:26,421 INFO model=noise2inverse epoch=100/120 train_mse=0.0164194 val_mse=0.0172428 val_psnr_db=32.6351 lr=8.29e-05 seconds=1.25 best_epoch=100
2026-09-19 14:20:27,683 INFO model=noise2inverse epoch=101/120 train_mse=0.0164629 val_mse=0.0172468 val_psnr_db=32.8368 lr=7.63e-05 seconds=1.25 best_epoch=100
2026-09-19 14:20:28,947 INFO model=noise2inverse epoch=102/120 train_mse=0.0163831 val_mse=0.0172429 val_psnr_db=32.6461 lr=7e-05 seconds=1.25 best_epoch=100
2026-09-19 14:20:30,217 INFO model=noise2inverse epoch=103/120 train_mse=0.0164122 val_mse=0.0172380 val_psnr_db=32.6917 lr=6.4e-05 seconds=1.25 best_epoch=103
2026-09-19 14:20:31,481 INFO model=noise2inverse epoch=104/120 train_mse=0.0164038 val_mse=0.0172418 val_psnr_db=32.7126 lr=5.82e-05 seconds=1.25 best_epoch=103
2026-09-19 14:20:32,745 INFO model=noise2inverse epoch=105/120 train_mse=0.0164428 val_mse=0.0172406 val_psnr_db=32.7589 lr=5.28e-05 seconds=1.25 best_epoch=103
2026-09-19 14:20:34,012 INFO model=noise2inverse epoch=106/120 train_mse=0.0163614 val_mse=0.0172346 val_psnr_db=32.7367 lr=4.77e-05 seconds=1.25 best_epoch=106
2026-09-19 14:20:35,273 INFO model=noise2inverse epoch=107/120 train_mse=0.0164190 val_mse=0.0172395 val_psnr_db=32.7021 lr=4.29e-05 seconds=1.25 best_epoch=106
2026-09-19 14:20:36,542 INFO model=noise2inverse epoch=108/120 train_mse=0.0164002 val_mse=0.0172340 val_psnr_db=32.6342 lr=3.84e-05 seconds=1.25 best_epoch=108
2026-09-19 14:20:37,807 INFO model=noise2inverse epoch=109/120 train_mse=0.0164171 val_mse=0.0172395 val_psnr_db=32.6503 lr=3.42e-05 seconds=1.25 best_epoch=108
2026-09-19 14:20:39,070 INFO model=noise2inverse epoch=110/120 train_mse=0.0164207 val_mse=0.0172351 val_psnr_db=32.6575 lr=3.04e-05 seconds=1.25 best_epoch=108
2026-09-19 14:20:40,341 INFO model=noise2inverse epoch=111/120 train_mse=0.0164146 val_mse=0.0172340 val_psnr_db=32.6954 lr=2.69e-05 seconds=1.25 best_epoch=111
2026-09-19 14:20:41,604 INFO model=noise2inverse epoch=112/120 train_mse=0.0163859 val_mse=0.0172344 val_psnr_db=32.6455 lr=2.37e-05 seconds=1.25 best_epoch=111
2026-09-19 14:20:42,867 INFO model=noise2inverse epoch=113/120 train_mse=0.0163820 val_mse=0.0172355 val_psnr_db=32.7112 lr=2.08e-05 seconds=1.25 best_epoch=111
2026-09-19 14:20:44,134 INFO model=noise2inverse epoch=114/120 train_mse=0.0163823 val_mse=0.0172319 val_psnr_db=32.6900 lr=1.83e-05 seconds=1.25 best_epoch=114
2026-09-19 14:20:45,396 INFO model=noise2inverse epoch=115/120 train_mse=0.0164092 val_mse=0.0172336 val_psnr_db=32.7369 lr=1.61e-05 seconds=1.25 best_epoch=114
2026-09-19 14:20:46,663 INFO model=noise2inverse epoch=116/120 train_mse=0.0163863 val_mse=0.0172341 val_psnr_db=32.7791 lr=1.42e-05 seconds=1.25 best_epoch=114
2026-09-19 14:20:47,930 INFO model=noise2inverse epoch=117/120 train_mse=0.0163960 val_mse=0.0172301 val_psnr_db=32.6696 lr=1.27e-05 seconds=1.25 best_epoch=117
2026-09-19 14:20:49,191 INFO model=noise2inverse epoch=118/120 train_mse=0.0164261 val_mse=0.0172310 val_psnr_db=32.7360 lr=1.15e-05 seconds=1.25 best_epoch=117
2026-09-19 14:20:50,454 INFO model=noise2inverse epoch=119/120 train_mse=0.0164051 val_mse=0.0172332 val_psnr_db=32.6992 lr=1.07e-05 seconds=1.25 best_epoch=117
2026-09-19 14:20:51,718 INFO model=noise2inverse epoch=120/120 train_mse=0.0163343 val_mse=0.0172339 val_psnr_db=32.7352 lr=1.02e-05 seconds=1.25 best_epoch=117
2026-09-19 14:20:51,733 INFO model=noise2inverse training_complete seconds=151.49 best_epoch=117 peak_memory_bytes=3559591936
2026-09-19 14:20:51,734 INFO model=proj2proj parameters=118305 epochs=120 lr=0.001 device=cuda supervised=False selected_on=masked projection MSE
2026-09-19 14:20:51,824 INFO model=proj2proj initial_gradient_norm=0.014273908
2026-09-19 14:20:53,309 INFO model=proj2proj epoch=001/120 train_mse=0.0001106 val_mse=0.0001233 val_psnr_db=22.9230 lr=0.001 seconds=1.57 best_epoch=1
2026-09-19 14:20:54,893 INFO model=proj2proj epoch=002/120 train_mse=0.0001056 val_mse=0.0001223 val_psnr_db=22.9234 lr=0.001 seconds=1.57 best_epoch=2
2026-09-19 14:20:56,476 INFO model=proj2proj epoch=003/120 train_mse=0.0001054 val_mse=0.0001219 val_psnr_db=22.9230 lr=0.000999 seconds=1.57 best_epoch=3
2026-09-19 14:20:58,061 INFO model=proj2proj epoch=004/120 train_mse=0.0001036 val_mse=0.0001194 val_psnr_db=22.9175 lr=0.000998 seconds=1.57 best_epoch=4
2026-09-19 14:20:59,646 INFO model=proj2proj epoch=005/120 train_mse=0.0001018 val_mse=0.0001176 val_psnr_db=22.9082 lr=0.000997 seconds=1.57 best_epoch=5
2026-09-19 14:21:01,224 INFO model=proj2proj epoch=006/120 train_mse=0.0001022 val_mse=0.0001187 val_psnr_db=22.9135 lr=0.000996 seconds=1.57 best_epoch=5
2026-09-19 14:21:02,804 INFO model=proj2proj epoch=007/120 train_mse=0.0001011 val_mse=0.0001172 val_psnr_db=22.9104 lr=0.000994 seconds=1.57 best_epoch=7
2026-09-19 14:21:04,388 INFO model=proj2proj epoch=008/120 train_mse=0.0001007 val_mse=0.0001172 val_psnr_db=22.9107 lr=0.000992 seconds=1.57 best_epoch=8
2026-09-19 14:21:05,973 INFO model=proj2proj epoch=009/120 train_mse=0.0001009 val_mse=0.0001170 val_psnr_db=22.9123 lr=0.000989 seconds=1.57 best_epoch=9
2026-09-19 14:21:07,554 INFO model=proj2proj epoch=010/120 train_mse=0.0001006 val_mse=0.0001172 val_psnr_db=22.9141 lr=0.000986 seconds=1.57 best_epoch=9
2026-09-19 14:21:09,132 INFO model=proj2proj epoch=011/120 train_mse=0.0001006 val_mse=0.0001172 val_psnr_db=22.9152 lr=0.000983 seconds=1.57 best_epoch=9
2026-09-19 14:21:10,718 INFO model=proj2proj epoch=012/120 train_mse=0.0000998 val_mse=0.0001170 val_psnr_db=22.9151 lr=0.00098 seconds=1.57 best_epoch=12
2026-09-19 14:21:12,302 INFO model=proj2proj epoch=013/120 train_mse=0.0001002 val_mse=0.0001169 val_psnr_db=22.9171 lr=0.000976 seconds=1.57 best_epoch=13
2026-09-19 14:21:13,888 INFO model=proj2proj epoch=014/120 train_mse=0.0001016 val_mse=0.0001169 val_psnr_db=22.9236 lr=0.000972 seconds=1.57 best_epoch=14
2026-09-19 14:21:15,471 INFO model=proj2proj epoch=015/120 train_mse=0.0001009 val_mse=0.0001162 val_psnr_db=22.9380 lr=0.000967 seconds=1.57 best_epoch=15
2026-09-19 14:21:17,058 INFO model=proj2proj epoch=016/120 train_mse=0.0000988 val_mse=0.0001142 val_psnr_db=23.0384 lr=0.000962 seconds=1.57 best_epoch=16
2026-09-19 14:21:18,643 INFO model=proj2proj epoch=017/120 train_mse=0.0000976 val_mse=0.0001102 val_psnr_db=23.2042 lr=0.000957 seconds=1.57 best_epoch=17
2026-09-19 14:21:20,225 INFO model=proj2proj epoch=018/120 train_mse=0.0000898 val_mse=0.0000983 val_psnr_db=23.8113 lr=0.000952 seconds=1.57 best_epoch=18
2026-09-19 14:21:21,809 INFO model=proj2proj epoch=019/120 train_mse=0.0000745 val_mse=0.0000782 val_psnr_db=24.4916 lr=0.000946 seconds=1.57 best_epoch=19
2026-09-19 14:21:23,392 INFO model=proj2proj epoch=020/120 train_mse=0.0000624 val_mse=0.0000613 val_psnr_db=25.0623 lr=0.00094 seconds=1.57 best_epoch=20
2026-09-19 14:21:24,976 INFO model=proj2proj epoch=021/120 train_mse=0.0000520 val_mse=0.0000539 val_psnr_db=25.4402 lr=0.000934 seconds=1.57 best_epoch=21
2026-09-19 14:21:26,563 INFO model=proj2proj epoch=022/120 train_mse=0.0000428 val_mse=0.0000442 val_psnr_db=25.7869 lr=0.000927 seconds=1.57 best_epoch=22
2026-09-19 14:21:28,150 INFO model=proj2proj epoch=023/120 train_mse=0.0000399 val_mse=0.0000413 val_psnr_db=25.9140 lr=0.00092 seconds=1.57 best_epoch=23
2026-09-19 14:21:29,736 INFO model=proj2proj epoch=024/120 train_mse=0.0000381 val_mse=0.0000399 val_psnr_db=26.0158 lr=0.000913 seconds=1.57 best_epoch=24
2026-09-19 14:21:31,318 INFO model=proj2proj epoch=025/120 train_mse=0.0000379 val_mse=0.0000418 val_psnr_db=26.1027 lr=0.000905 seconds=1.57 best_epoch=24
2026-09-19 14:21:32,901 INFO model=proj2proj epoch=026/120 train_mse=0.0000371 val_mse=0.0000392 val_psnr_db=26.1657 lr=0.000898 seconds=1.57 best_epoch=26
2026-09-19 14:21:34,488 INFO model=proj2proj epoch=027/120 train_mse=0.0000361 val_mse=0.0000378 val_psnr_db=26.2526 lr=0.00089 seconds=1.57 best_epoch=27
2026-09-19 14:21:36,067 INFO model=proj2proj epoch=028/120 train_mse=0.0000352 val_mse=0.0000383 val_psnr_db=26.3490 lr=0.000881 seconds=1.57 best_epoch=27
2026-09-19 14:21:37,652 INFO model=proj2proj epoch=029/120 train_mse=0.0000353 val_mse=0.0000367 val_psnr_db=26.4341 lr=0.000873 seconds=1.57 best_epoch=29
2026-09-19 14:21:39,236 INFO model=proj2proj epoch=030/120 train_mse=0.0000343 val_mse=0.0000365 val_psnr_db=26.5347 lr=0.000864 seconds=1.57 best_epoch=30
2026-09-19 14:21:40,816 INFO model=proj2proj epoch=031/120 train_mse=0.0000349 val_mse=0.0000366 val_psnr_db=26.6173 lr=0.000855 seconds=1.57 best_epoch=30
2026-09-19 14:21:42,403 INFO model=proj2proj epoch=032/120 train_mse=0.0000336 val_mse=0.0000356 val_psnr_db=26.7324 lr=0.000846 seconds=1.57 best_epoch=32
2026-09-19 14:21:43,989 INFO model=proj2proj epoch=033/120 train_mse=0.0000329 val_mse=0.0000349 val_psnr_db=26.8588 lr=0.000836 seconds=1.57 best_epoch=33
2026-09-19 14:21:45,575 INFO model=proj2proj epoch=034/120 train_mse=0.0000329 val_mse=0.0000341 val_psnr_db=27.0224 lr=0.000826 seconds=1.57 best_epoch=34
2026-09-19 14:21:47,156 INFO model=proj2proj epoch=035/120 train_mse=0.0000315 val_mse=0.0000361 val_psnr_db=27.4091 lr=0.000817 seconds=1.57 best_epoch=34
2026-09-19 14:21:48,741 INFO model=proj2proj epoch=036/120 train_mse=0.0000302 val_mse=0.0000312 val_psnr_db=27.7747 lr=0.000806 seconds=1.57 best_epoch=36
2026-09-19 14:21:50,327 INFO model=proj2proj epoch=037/120 train_mse=0.0000285 val_mse=0.0000312 val_psnr_db=28.0919 lr=0.000796 seconds=1.57 best_epoch=37
2026-09-19 14:21:51,912 INFO model=proj2proj epoch=038/120 train_mse=0.0000278 val_mse=0.0000278 val_psnr_db=28.4056 lr=0.000785 seconds=1.57 best_epoch=38
2026-09-19 14:21:53,491 INFO model=proj2proj epoch=039/120 train_mse=0.0000265 val_mse=0.0000288 val_psnr_db=28.7458 lr=0.000775 seconds=1.57 best_epoch=38
2026-09-19 14:21:55,073 INFO model=proj2proj epoch=040/120 train_mse=0.0000259 val_mse=0.0000263 val_psnr_db=28.9573 lr=0.000764 seconds=1.57 best_epoch=40
2026-09-19 14:21:56,657 INFO model=proj2proj epoch=041/120 train_mse=0.0000257 val_mse=0.0000261 val_psnr_db=29.0298 lr=0.000752 seconds=1.57 best_epoch=41
2026-09-19 14:21:58,240 INFO model=proj2proj epoch=042/120 train_mse=0.0000248 val_mse=0.0000268 val_psnr_db=29.4641 lr=0.000741 seconds=1.57 best_epoch=41
2026-09-19 14:21:59,819 INFO model=proj2proj epoch=043/120 train_mse=0.0000247 val_mse=0.0000263 val_psnr_db=29.6143 lr=0.00073 seconds=1.57 best_epoch=41
2026-09-19 14:22:01,403 INFO model=proj2proj epoch=044/120 train_mse=0.0000239 val_mse=0.0000240 val_psnr_db=29.9006 lr=0.000718 seconds=1.57 best_epoch=44
2026-09-19 14:22:02,982 INFO model=proj2proj epoch=045/120 train_mse=0.0000229 val_mse=0.0000243 val_psnr_db=30.3258 lr=0.000706 seconds=1.57 best_epoch=44
2026-09-19 14:22:04,567 INFO model=proj2proj epoch=046/120 train_mse=0.0000234 val_mse=0.0000235 val_psnr_db=30.3613 lr=0.000694 seconds=1.57 best_epoch=46
2026-09-19 14:22:06,154 INFO model=proj2proj epoch=047/120 train_mse=0.0000223 val_mse=0.0000235 val_psnr_db=30.7462 lr=0.000682 seconds=1.57 best_epoch=47
2026-09-19 14:22:07,741 INFO model=proj2proj epoch=048/120 train_mse=0.0000222 val_mse=0.0000221 val_psnr_db=31.0496 lr=0.00067 seconds=1.57 best_epoch=48
2026-09-19 14:22:09,325 INFO model=proj2proj epoch=049/120 train_mse=0.0000226 val_mse=0.0000221 val_psnr_db=30.9969 lr=0.000658 seconds=1.57 best_epoch=49
2026-09-19 14:22:10,910 INFO model=proj2proj epoch=050/120 train_mse=0.0000216 val_mse=0.0000218 val_psnr_db=31.2696 lr=0.000646 seconds=1.57 best_epoch=50
2026-09-19 14:22:12,491 INFO model=proj2proj epoch=051/120 train_mse=0.0000211 val_mse=0.0000217 val_psnr_db=31.5694 lr=0.000633 seconds=1.57 best_epoch=51
2026-09-19 14:22:14,076 INFO model=proj2proj epoch=052/120 train_mse=0.0000215 val_mse=0.0000212 val_psnr_db=31.7025 lr=0.000621 seconds=1.57 best_epoch=52
2026-09-19 14:22:15,656 INFO model=proj2proj epoch=053/120 train_mse=0.0000204 val_mse=0.0000212 val_psnr_db=31.9639 lr=0.000608 seconds=1.57 best_epoch=52
2026-09-19 14:22:17,241 INFO model=proj2proj epoch=054/120 train_mse=0.0000199 val_mse=0.0000203 val_psnr_db=32.2817 lr=0.000595 seconds=1.57 best_epoch=54
2026-09-19 14:22:18,825 INFO model=proj2proj epoch=055/120 train_mse=0.0000197 val_mse=0.0000202 val_psnr_db=32.5906 lr=0.000582 seconds=1.57 best_epoch=55
2026-09-19 14:22:20,412 INFO model=proj2proj epoch=056/120 train_mse=0.0000200 val_mse=0.0000198 val_psnr_db=32.7458 lr=0.00057 seconds=1.57 best_epoch=56
2026-09-19 14:22:21,995 INFO model=proj2proj epoch=057/120 train_mse=0.0000190 val_mse=0.0000200 val_psnr_db=32.9115 lr=0.000557 seconds=1.57 best_epoch=56
2026-09-19 14:22:23,582 INFO model=proj2proj epoch=058/120 train_mse=0.0000191 val_mse=0.0000192 val_psnr_db=33.1477 lr=0.000544 seconds=1.57 best_epoch=58
2026-09-19 14:22:25,168 INFO model=proj2proj epoch=059/120 train_mse=0.0000190 val_mse=0.0000190 val_psnr_db=33.3201 lr=0.000531 seconds=1.57 best_epoch=59
2026-09-19 14:22:26,752 INFO model=proj2proj epoch=060/120 train_mse=0.0000195 val_mse=0.0000198 val_psnr_db=33.2769 lr=0.000518 seconds=1.57 best_epoch=59
2026-09-19 14:22:28,334 INFO model=proj2proj epoch=061/120 train_mse=0.0000195 val_mse=0.0000193 val_psnr_db=33.1434 lr=0.000505 seconds=1.57 best_epoch=59
2026-09-19 14:22:29,916 INFO model=proj2proj epoch=062/120 train_mse=0.0000186 val_mse=0.0000194 val_psnr_db=33.4990 lr=0.000492 seconds=1.57 best_epoch=59
2026-09-19 14:22:31,499 INFO model=proj2proj epoch=063/120 train_mse=0.0000188 val_mse=0.0000192 val_psnr_db=33.7088 lr=0.000479 seconds=1.57 best_epoch=59
2026-09-19 14:22:33,085 INFO model=proj2proj epoch=064/120 train_mse=0.0000191 val_mse=0.0000188 val_psnr_db=33.7139 lr=0.000466 seconds=1.57 best_epoch=64
2026-09-19 14:22:34,669 INFO model=proj2proj epoch=065/120 train_mse=0.0000188 val_mse=0.0000189 val_psnr_db=33.7687 lr=0.000453 seconds=1.57 best_epoch=64
2026-09-19 14:22:36,247 INFO model=proj2proj epoch=066/120 train_mse=0.0000187 val_mse=0.0000190 val_psnr_db=33.7563 lr=0.00044 seconds=1.57 best_epoch=64
2026-09-19 14:22:37,833 INFO model=proj2proj epoch=067/120 train_mse=0.0000182 val_mse=0.0000188 val_psnr_db=33.9922 lr=0.000428 seconds=1.57 best_epoch=67
2026-09-19 14:22:39,419 INFO model=proj2proj epoch=068/120 train_mse=0.0000179 val_mse=0.0000185 val_psnr_db=34.1211 lr=0.000415 seconds=1.57 best_epoch=68
2026-09-19 14:22:41,003 INFO model=proj2proj epoch=069/120 train_mse=0.0000178 val_mse=0.0000183 val_psnr_db=34.2154 lr=0.000402 seconds=1.57 best_epoch=69
2026-09-19 14:22:42,589 INFO model=proj2proj epoch=070/120 train_mse=0.0000177 val_mse=0.0000182 val_psnr_db=34.3098 lr=0.000389 seconds=1.57 best_epoch=70
2026-09-19 14:22:44,167 INFO model=proj2proj epoch=071/120 train_mse=0.0000176 val_mse=0.0000185 val_psnr_db=34.3608 lr=0.000377 seconds=1.57 best_epoch=70
2026-09-19 14:22:45,748 INFO model=proj2proj epoch=072/120 train_mse=0.0000177 val_mse=0.0000182 val_psnr_db=34.4636 lr=0.000364 seconds=1.57 best_epoch=70
2026-09-19 14:22:47,330 INFO model=proj2proj epoch=073/120 train_mse=0.0000176 val_mse=0.0000187 val_psnr_db=34.4712 lr=0.000352 seconds=1.57 best_epoch=70
2026-09-19 14:22:48,911 INFO model=proj2proj epoch=074/120 train_mse=0.0000177 val_mse=0.0000182 val_psnr_db=34.5937 lr=0.00034 seconds=1.57 best_epoch=70
2026-09-19 14:22:50,497 INFO model=proj2proj epoch=075/120 train_mse=0.0000176 val_mse=0.0000180 val_psnr_db=34.6308 lr=0.000328 seconds=1.57 best_epoch=75
2026-09-19 14:22:52,084 INFO model=proj2proj epoch=076/120 train_mse=0.0000176 val_mse=0.0000180 val_psnr_db=34.6801 lr=0.000316 seconds=1.57 best_epoch=76
2026-09-19 14:22:53,661 INFO model=proj2proj epoch=077/120 train_mse=0.0000173 val_mse=0.0000183 val_psnr_db=34.7022 lr=0.000304 seconds=1.57 best_epoch=76
2026-09-19 14:22:55,243 INFO model=proj2proj epoch=078/120 train_mse=0.0000175 val_mse=0.0000181 val_psnr_db=34.7405 lr=0.000292 seconds=1.57 best_epoch=76
2026-09-19 14:22:56,825 INFO model=proj2proj epoch=079/120 train_mse=0.0000176 val_mse=0.0000182 val_psnr_db=34.8241 lr=0.00028 seconds=1.57 best_epoch=76
2026-09-19 14:22:58,409 INFO model=proj2proj epoch=080/120 train_mse=0.0000174 val_mse=0.0000179 val_psnr_db=34.8515 lr=0.000269 seconds=1.57 best_epoch=80
2026-09-19 14:22:59,995 INFO model=proj2proj epoch=081/120 train_mse=0.0000173 val_mse=0.0000178 val_psnr_db=34.8401 lr=0.000257 seconds=1.57 best_epoch=81
2026-09-19 14:23:01,576 INFO model=proj2proj epoch=082/120 train_mse=0.0000173 val_mse=0.0000180 val_psnr_db=34.9144 lr=0.000246 seconds=1.57 best_epoch=81
2026-09-19 14:23:03,158 INFO model=proj2proj epoch=083/120 train_mse=0.0000174 val_mse=0.0000179 val_psnr_db=34.9631 lr=0.000235 seconds=1.57 best_epoch=81
2026-09-19 14:23:04,745 INFO model=proj2proj epoch=084/120 train_mse=0.0000172 val_mse=0.0000177 val_psnr_db=35.0032 lr=0.000225 seconds=1.57 best_epoch=84
2026-09-19 14:23:06,328 INFO model=proj2proj epoch=085/120 train_mse=0.0000173 val_mse=0.0000181 val_psnr_db=35.0160 lr=0.000214 seconds=1.57 best_epoch=84
2026-09-19 14:23:07,906 INFO model=proj2proj epoch=086/120 train_mse=0.0000171 val_mse=0.0000179 val_psnr_db=34.9717 lr=0.000204 seconds=1.57 best_epoch=84
2026-09-19 14:23:09,490 INFO model=proj2proj epoch=087/120 train_mse=0.0000173 val_mse=0.0000177 val_psnr_db=35.1158 lr=0.000193 seconds=1.57 best_epoch=87
2026-09-19 14:23:11,070 INFO model=proj2proj epoch=088/120 train_mse=0.0000170 val_mse=0.0000177 val_psnr_db=35.0431 lr=0.000184 seconds=1.57 best_epoch=88
2026-09-19 14:23:12,649 INFO model=proj2proj epoch=089/120 train_mse=0.0000171 val_mse=0.0000178 val_psnr_db=35.1015 lr=0.000174 seconds=1.57 best_epoch=88
2026-09-19 14:23:14,233 INFO model=proj2proj epoch=090/120 train_mse=0.0000171 val_mse=0.0000177 val_psnr_db=35.1071 lr=0.000164 seconds=1.57 best_epoch=90
2026-09-19 14:23:15,813 INFO model=proj2proj epoch=091/120 train_mse=0.0000171 val_mse=0.0000177 val_psnr_db=35.1501 lr=0.000155 seconds=1.57 best_epoch=90
2026-09-19 14:23:17,397 INFO model=proj2proj epoch=092/120 train_mse=0.0000170 val_mse=0.0000176 val_psnr_db=35.1570 lr=0.000146 seconds=1.57 best_epoch=92
2026-09-19 14:23:18,975 INFO model=proj2proj epoch=093/120 train_mse=0.0000172 val_mse=0.0000178 val_psnr_db=35.1790 lr=0.000137 seconds=1.57 best_epoch=92
2026-09-19 14:23:20,556 INFO model=proj2proj epoch=094/120 train_mse=0.0000172 val_mse=0.0000177 val_psnr_db=35.1860 lr=0.000129 seconds=1.57 best_epoch=92
2026-09-19 14:23:22,136 INFO model=proj2proj epoch=095/120 train_mse=0.0000170 val_mse=0.0000177 val_psnr_db=35.2362 lr=0.00012 seconds=1.57 best_epoch=92
2026-09-19 14:23:23,722 INFO model=proj2proj epoch=096/120 train_mse=0.0000169 val_mse=0.0000176 val_psnr_db=35.2152 lr=0.000112 seconds=1.57 best_epoch=96
2026-09-19 14:23:25,300 INFO model=proj2proj epoch=097/120 train_mse=0.0000170 val_mse=0.0000176 val_psnr_db=35.2518 lr=0.000105 seconds=1.57 best_epoch=96
2026-09-19 14:23:26,881 INFO model=proj2proj epoch=098/120 train_mse=0.0000170 val_mse=0.0000177 val_psnr_db=35.2572 lr=9.71e-05 seconds=1.57 best_epoch=96
2026-09-19 14:23:28,461 INFO model=proj2proj epoch=099/120 train_mse=0.0000170 val_mse=0.0000176 val_psnr_db=35.2519 lr=8.99e-05 seconds=1.57 best_epoch=96
2026-09-19 14:23:30,047 INFO model=proj2proj epoch=100/120 train_mse=0.0000169 val_mse=0.0000176 val_psnr_db=35.2733 lr=8.29e-05 seconds=1.57 best_epoch=100
2026-09-19 14:23:31,628 INFO model=proj2proj epoch=101/120 train_mse=0.0000169 val_mse=0.0000176 val_psnr_db=35.2661 lr=7.63e-05 seconds=1.57 best_epoch=100
2026-09-19 14:23:33,215 INFO model=proj2proj epoch=102/120 train_mse=0.0000169 val_mse=0.0000176 val_psnr_db=35.2966 lr=7e-05 seconds=1.57 best_epoch=102
2026-09-19 14:23:34,797 INFO model=proj2proj epoch=103/120 train_mse=0.0000170 val_mse=0.0000176 val_psnr_db=35.2931 lr=6.4e-05 seconds=1.57 best_epoch=102
2026-09-19 14:23:36,379 INFO model=proj2proj epoch=104/120 train_mse=0.0000169 val_mse=0.0000176 val_psnr_db=35.3143 lr=5.82e-05 seconds=1.57 best_epoch=102
2026-09-19 14:23:37,965 INFO model=proj2proj epoch=105/120 train_mse=0.0000169 val_mse=0.0000175 val_psnr_db=35.3395 lr=5.28e-05 seconds=1.57 best_epoch=105
2026-09-19 14:23:39,544 INFO model=proj2proj epoch=106/120 train_mse=0.0000169 val_mse=0.0000176 val_psnr_db=35.3278 lr=4.77e-05 seconds=1.57 best_epoch=105
2026-09-19 14:23:41,126 INFO model=proj2proj epoch=107/120 train_mse=0.0000169 val_mse=0.0000175 val_psnr_db=35.3279 lr=4.29e-05 seconds=1.57 best_epoch=105
2026-09-19 14:23:42,712 INFO model=proj2proj epoch=108/120 train_mse=0.0000168 val_mse=0.0000175 val_psnr_db=35.3475 lr=3.84e-05 seconds=1.57 best_epoch=108
2026-09-19 14:23:44,292 INFO model=proj2proj epoch=109/120 train_mse=0.0000169 val_mse=0.0000176 val_psnr_db=35.3453 lr=3.42e-05 seconds=1.57 best_epoch=108
2026-09-19 14:23:45,879 INFO model=proj2proj epoch=110/120 train_mse=0.0000169 val_mse=0.0000175 val_psnr_db=35.3505 lr=3.04e-05 seconds=1.57 best_epoch=110
2026-09-19 14:23:47,460 INFO model=proj2proj epoch=111/120 train_mse=0.0000169 val_mse=0.0000175 val_psnr_db=35.3397 lr=2.69e-05 seconds=1.57 best_epoch=110
2026-09-19 14:23:49,048 INFO model=proj2proj epoch=112/120 train_mse=0.0000169 val_mse=0.0000175 val_psnr_db=35.3553 lr=2.37e-05 seconds=1.57 best_epoch=112
2026-09-19 14:23:50,630 INFO model=proj2proj epoch=113/120 train_mse=0.0000169 val_mse=0.0000175 val_psnr_db=35.3591 lr=2.08e-05 seconds=1.57 best_epoch=112
2026-09-19 14:23:52,211 INFO model=proj2proj epoch=114/120 train_mse=0.0000169 val_mse=0.0000175 val_psnr_db=35.3641 lr=1.83e-05 seconds=1.57 best_epoch=112
2026-09-19 14:23:53,796 INFO model=proj2proj epoch=115/120 train_mse=0.0000169 val_mse=0.0000175 val_psnr_db=35.3602 lr=1.61e-05 seconds=1.57 best_epoch=115
2026-09-19 14:23:55,377 INFO model=proj2proj epoch=116/120 train_mse=0.0000168 val_mse=0.0000175 val_psnr_db=35.3724 lr=1.42e-05 seconds=1.57 best_epoch=115
2026-09-19 14:23:56,958 INFO model=proj2proj epoch=117/120 train_mse=0.0000168 val_mse=0.0000175 val_psnr_db=35.3699 lr=1.27e-05 seconds=1.57 best_epoch=115
2026-09-19 14:23:58,541 INFO model=proj2proj epoch=118/120 train_mse=0.0000169 val_mse=0.0000175 val_psnr_db=35.3715 lr=1.15e-05 seconds=1.57 best_epoch=115
2026-09-19 14:24:00,124 INFO model=proj2proj epoch=119/120 train_mse=0.0000168 val_mse=0.0000175 val_psnr_db=35.3714 lr=1.07e-05 seconds=1.57 best_epoch=115
2026-09-19 14:24:01,706 INFO model=proj2proj epoch=120/120 train_mse=0.0000169 val_mse=0.0000175 val_psnr_db=35.3779 lr=1.02e-05 seconds=1.57 best_epoch=115
2026-09-19 14:24:01,722 INFO model=proj2proj training_complete seconds=189.99 best_epoch=115 peak_memory_bytes=3555314176
2026-09-19 14:24:04,104 INFO classical sart_subsets=90 sirt_iterations=300 sart_sweeps=20 red_iterations=100
2026-09-19 14:24:30,248 INFO classical method=sirt setting=default best_val_iterations=131 val_psnr_db=32.4351
2026-09-19 14:24:41,598 INFO classical method=sirt selected iterations=131 setting=default val_psnr_db=32.4351 seconds=37.49
2026-09-19 14:24:45,558 INFO classical method=bm3d setting=0.01 best_val_stages=1 val_psnr_db=23.4662
2026-09-19 14:24:49,471 INFO classical method=bm3d setting=0.02 best_val_stages=1 val_psnr_db=23.8624
2026-09-19 14:24:53,380 INFO classical method=bm3d setting=0.05 best_val_stages=1 val_psnr_db=28.6056
2026-09-19 14:24:57,286 INFO classical method=bm3d setting=0.1 best_val_stages=1 val_psnr_db=34.7873
2026-09-19 14:25:01,192 INFO classical method=bm3d setting=0.2 best_val_stages=1 val_psnr_db=35.8750
2026-09-19 14:25:05,096 INFO classical method=bm3d selected stages=1 setting=0.2 val_psnr_db=35.8750 seconds=23.50
2026-09-19 14:25:10,752 INFO classical method=sart setting=1 best_val_subset updates=116 val_psnr_db=32.3372
2026-09-19 14:25:16,399 INFO classical method=sart setting=0.3 best_val_subset updates=403 val_psnr_db=32.6224
2026-09-19 14:25:22,054 INFO classical method=sart setting=0.1 best_val_subset updates=1258 val_psnr_db=32.5694
2026-09-19 14:25:27,712 INFO classical method=sart setting=0.03 best_val_subset updates=1800 val_psnr_db=30.9631
2026-09-19 14:25:28,677 INFO classical method=sart selected subset updates=403 setting=0.3 val_psnr_db=32.6224 seconds=23.58
2026-09-19 14:25:43,314 INFO classical method=red setting=0.1 best_val_iterations=30 val_psnr_db=38.5796
2026-09-19 14:25:57,943 INFO classical method=red setting=0.3 best_val_iterations=11 val_psnr_db=38.3188
2026-09-19 14:26:12,558 INFO classical method=red setting=1 best_val_iterations=4 val_psnr_db=38.6437
2026-09-19 14:26:27,168 INFO classical method=red setting=3 best_val_iterations=2 val_psnr_db=39.0181
2026-09-19 14:26:41,785 INFO classical method=red setting=10 best_val_iterations=2 val_psnr_db=39.4377
2026-09-19 14:26:42,085 INFO classical method=red selected iterations=2 setting=10 val_psnr_db=39.4377 seconds=73.41
2026-09-19 14:26:42,358 INFO TEST method=fbp mean_psnr_db=23.0970 roi_psnr_db=22.0294 window_psnr_db=n/a std_psnr_db=0.4256 mse=0.0049252 seconds=0.02
2026-09-19 14:26:42,358 INFO TEST method=sirt mean_psnr_db=33.9409 roi_psnr_db=32.8733 window_psnr_db=n/a std_psnr_db=1.1105 mse=0.0004170 seconds=37.49
2026-09-19 14:26:42,358 INFO TEST method=sart mean_psnr_db=34.1224 roi_psnr_db=33.0548 window_psnr_db=n/a std_psnr_db=1.1147 mse=0.0004001 seconds=23.58
2026-09-19 14:26:42,359 INFO TEST method=bm3d mean_psnr_db=37.6551 roi_psnr_db=36.5874 window_psnr_db=n/a std_psnr_db=1.6189 mse=0.0001837 seconds=23.50
2026-09-19 14:26:42,359 INFO TEST method=fbp-unet mean_psnr_db=41.4623 roi_psnr_db=40.3947 window_psnr_db=n/a std_psnr_db=1.4346 mse=0.0000755 seconds=110.79
2026-09-19 14:26:42,359 INFO TEST method=red mean_psnr_db=40.7620 roi_psnr_db=39.6944 window_psnr_db=n/a std_psnr_db=1.2406 mse=0.0000876 seconds=73.41
2026-09-19 14:26:42,359 INFO TEST method=iradonmap mean_psnr_db=33.9845 roi_psnr_db=32.9169 window_psnr_db=n/a std_psnr_db=1.3675 mse=0.0004208 seconds=372.80
2026-09-19 14:26:42,359 INFO TEST method=noise2inverse mean_psnr_db=33.0237 roi_psnr_db=31.9561 window_psnr_db=n/a std_psnr_db=0.9315 mse=0.0005106 seconds=151.49
2026-09-19 14:26:42,359 INFO TEST method=proj2proj mean_psnr_db=35.8289 roi_psnr_db=34.7613 window_psnr_db=n/a std_psnr_db=1.0863 mse=0.0002700 seconds=189.99
2026-09-19 14:26:42,359 INFO TEST method=lpd mean_psnr_db=33.8340 roi_psnr_db=32.7664 window_psnr_db=n/a std_psnr_db=1.7268 mse=0.0004493 seconds=1546.69
2026-09-19 14:26:42,411 INFO TEST reference=noiseless-fbp mean_psnr_db=30.6961 roi_psnr_db=29.6284 window_psnr_db=n/a
2026-09-19 14:26:49,343 INFO complete outputs=/home/ozan/torchtomo/examples/ellipses/results-512-fan
